Частота,Канал A
(MГц),(В)

0.00000000,3.59207800
0.00152588,2.49537800
0.00305176,1.70269100
0.00457764,0.54247680
0.00610352,0.05073081
0.00762939,0.00031905
0.00915527,0.00024772
0.01068115,0.00022873
0.01220703,0.00035871
0.01373291,0.00036014
0.01525879,0.00031325
0.01678467,0.00044270
0.01831055,0.00023474
0.01983643,0.00025971
0.02136230,0.00030267
0.02288818,0.00013509
0.02441406,0.00039326
0.02593994,0.00018471
0.02746582,0.00026508
0.02899170,0.00015171
0.03051758,0.00015265
0.03204346,0.00021239
0.03356934,0.00009163
0.03509521,0.00021201
0.03662109,0.00011197
0.03814697,0.00022024
0.03967285,0.00022238
0.04119873,0.00015374
0.04272461,0.00019756
0.04425049,0.00012845
0.04577637,0.00011298
0.04730225,0.00021335
0.04882813,0.00015925
0.05035400,0.00034552
0.05187988,0.00024139
0.05340576,0.00032470
0.05493164,0.00011670
0.05645752,0.00011878
0.05798340,0.00017276
0.05950928,0.00010101
0.06103516,0.00023928
0.06256104,0.00014682
0.06408691,0.00025087
0.06561279,0.00027384
0.06713867,0.00015686
0.06866455,0.00014254
0.07019043,0.00010799
0.07171631,0.00009360
0.07324219,0.00012967
0.07476807,0.00008231
0.07629395,0.00010438
0.07781982,0.00007859
0.07934570,0.00019409
0.08087158,0.00013163
0.08239746,0.00010748
0.08392334,0.00014312
0.08544922,0.00017551
0.08697510,0.00024045
0.08850098,0.00020732
0.09002686,0.00019746
0.09155273,0.00017661
0.09307861,0.00022586
0.09460449,0.00027699
0.09613037,0.00031489
0.09765625,0.00032772
0.09918213,0.00032270
0.10070801,0.00023956
0.10223389,0.00012076
0.10375977,0.00007628
0.10528564,0.00011919
0.10681152,0.00015282
0.10833740,0.00018112
0.10986328,0.00015536
0.11138916,0.00011479
0.11291504,0.00008608
0.11444092,0.00006865
0.11596680,0.00009631
0.11749268,0.00002227
0.11901855,0.00000866
0.12054443,0.00016632
0.12207031,0.00016761
0.12359619,0.00013265
0.12512207,0.00007875
0.12664795,0.00016714
0.12817383,0.00015186
0.12969971,0.00019251
0.13122559,0.00022866
0.13275146,0.00022819
0.13427734,0.00034253
0.13580322,0.00026821
0.13732910,0.00032488
0.13885498,0.00027385
0.14038086,0.00027089
0.14190674,0.00012813
0.14343262,0.00020796
0.14495850,0.00014679
0.14648438,0.00019211
0.14801025,0.00011932
0.14953613,0.00017402
0.15106201,0.00007176
0.15258789,0.00012076
0.15411377,0.00015680
0.15563965,0.00023690
0.15716553,0.00018865
0.15869141,0.00020426
0.16021729,0.00008712
0.16174316,0.00011612
0.16326904,0.00016127
0.16479492,0.00034102
0.16632080,0.00038955
0.16784668,0.00039529
0.16937256,0.00030136
0.17089844,0.00019664
0.17242432,0.00005442
0.17395020,0.00007706
0.17547607,0.00008407
0.17700195,0.00012258
0.17852783,0.00005247
0.18005371,0.00001783
0.18157959,0.00006319
0.18310547,0.00011857
0.18463135,0.00021455
0.18615723,0.00019271
0.18768311,0.00010482
0.18920898,0.00001286
0.19073486,0.00009294
0.19226074,0.00018083
0.19378662,0.00018026
0.19531250,0.00016255
0.19683838,0.00022667
0.19836426,0.00030265
0.19989014,0.00031387
0.20141602,0.00034549
0.20294189,0.00034090
0.20446777,0.00030340
0.20599365,0.00028261
0.20751953,0.00016380
0.20904541,0.00007004
0.21057129,0.00013893
0.21209717,0.00019658
0.21362305,0.00018429
0.21514893,0.00008740
0.21667480,0.00004330
0.21820068,0.00008796
0.21972656,0.00005597
0.22125244,0.00007591
0.22277832,0.00001062
0.22430420,0.00004028
0.22583008,0.00008010
0.22735596,0.00010721
0.22888184,0.00013695
0.23040771,0.00012248
0.23193359,0.00013998
0.23345947,0.00014211
0.23498535,0.00014566
0.23651123,0.00016851
0.23803711,0.00020339
0.23956299,0.00017459
0.24108887,0.00016800
0.24261475,0.00007129
0.24414063,0.00010764
0.24566650,0.00013085
0.24719238,0.00008938
0.24871826,0.00005888
0.25024414,0.00002793
0.25177002,0.00002561
0.25329590,0.00007784
0.25482178,0.00004485
0.25634766,0.00004044
0.25787354,0.00005857
0.25939941,0.00003823
0.26092529,0.00003041
0.26245117,0.00007585
0.26397705,0.00009785
0.26550293,0.00012111
0.26702881,0.00009413
0.26855469,0.00006335
0.27008057,0.00003285
0.27160645,0.00008371
0.27313232,0.00004320
0.27465820,0.00010687
0.27618408,0.00016690
0.27770996,0.00016779
0.27923584,0.00011831
0.28076172,0.00006996
0.28228760,0.00003645
0.28381348,0.00011917
0.28533936,0.00016234
0.28686523,0.00014364
0.28839111,0.00013389
0.28991699,0.00003315
0.29144287,0.00011388
0.29296875,0.00023760
0.29449463,0.00031908
0.29602051,0.00035401
0.29754639,0.00038845
0.29907227,0.00038903
0.30059814,0.00039342
0.30212402,0.00042653
0.30364990,0.00048207
0.30517578,0.00048141
0.30670166,0.00048216
0.30822754,0.00038723
0.30975342,0.00026511
0.31127930,0.00020149
0.31280518,0.00014118
0.31433105,0.00008522
0.31585693,0.00007114
0.31738281,0.00012629
0.31890869,0.00009791
0.32043457,0.00012745
0.32196045,0.00015009
0.32348633,0.00028327
0.32501221,0.00027308
0.32653809,0.00039751
0.32806396,0.00321004
0.32958984,0.01598966
0.33111572,0.03164710
0.33264160,0.03630118
0.33416748,0.03624840
0.33569336,0.03072306
0.33721924,0.01446002
0.33874512,0.00248836
0.34027100,0.00003215
0.34179688,0.00007227
0.34332275,0.00004488
0.34484863,0.00002737
0.34637451,0.00004579
0.34790039,0.00006100
0.34942627,0.00013737
0.35095215,0.00025661
0.35247803,0.00028871
0.35400391,0.00025362
0.35552979,0.00024837
0.35705566,0.00025320
0.35858154,0.00024675
0.36010742,0.00021334
0.36163330,0.00014135
0.36315918,0.00012603
0.36468506,0.00014771
0.36621094,0.00016344
0.36773682,0.00023286
0.36926270,0.00026997
0.37078857,0.00024338
0.37231445,0.00015635
0.37384033,0.00006314
0.37536621,0.00015619
0.37689209,0.00022446
0.37841797,0.00026950
0.37994385,0.00024666
0.38146973,0.00017478
0.38299561,0.00009733
0.38452148,0.00009046
0.38604736,0.00017313
0.38757324,0.00020389
0.38909912,0.00021223
0.39062500,0.00026816
0.39215088,0.00034373
0.39367676,0.00032066
0.39520264,0.00021473
0.39672852,0.00011273
0.39825439,0.00003167
0.39978027,0.00001075
0.40130615,0.00013814
0.40283203,0.00021696
0.40435791,0.00021004
0.40588379,0.00012659
0.40740967,0.00003211
0.40893555,0.00017234
0.41046143,0.00021319
0.41198730,0.00020226
0.41351318,0.00009535
0.41503906,0.00002978
0.41656494,0.00011733
0.41809082,0.00016383
0.41961670,0.00024518
0.42114258,0.00022366
0.42266846,0.00019825
0.42419434,0.00018066
0.42572021,0.00020016
0.42724609,0.00017940
0.42877197,0.00016216
0.43029785,0.00007991
0.43182373,0.00007207
0.43334961,0.00008282
0.43487549,0.00016831
0.43640137,0.00013868
0.43792725,0.00010272
0.43945313,0.00007974
0.44097900,0.00009699
0.44250488,0.00005595
0.44403076,0.00013424
0.44555664,0.00015229
0.44708252,0.00016010
0.44860840,0.00017226
0.45013428,0.00021670
0.45166016,0.00018321
0.45318604,0.00010746
0.45471191,0.00003782
0.45623779,0.00006502
0.45776367,0.00010520
0.45928955,0.00020726
0.46081543,0.00028048
0.46234131,0.00035214
0.46386719,0.00032345
0.46539307,0.00027499
0.46691895,0.00024120
0.46844482,0.00017751
0.46997070,0.00013529
0.47149658,0.00017259
0.47302246,0.00020659
0.47454834,0.00029417
0.47607422,0.00035948
0.47760010,0.00035217
0.47912598,0.00032798
0.48065186,0.00029105
0.48217773,0.00019070
0.48370361,0.00013622
0.48522949,0.00019397
0.48675537,0.00025902
0.48828125,0.00026379
0.48980713,0.00020393
0.49133301,0.00016735
0.49285889,0.00012605
0.49438477,0.00005993
0.49591064,0.00003476
0.49743652,0.00010259
0.49896240,0.00014893
0.50048828,0.00014573
0.50201416,0.00007637
0.50354004,0.00006724
0.50506592,0.00003500
0.50659180,0.00005945
0.50811768,0.00016102
0.50964355,0.00021733
0.51116943,0.00026567
0.51269531,0.00023961
0.51422119,0.00021707
0.51574707,0.00012710
0.51727295,0.00004152
0.51879883,0.00014056
0.52032471,0.00021740
0.52185059,0.00027628
0.52337646,0.00021485
0.52490234,0.00014241
0.52642822,0.00002631
0.52795410,0.00011064
0.52947998,0.00017690
0.53100586,0.00022402
0.53253174,0.00020341
0.53405762,0.00015425
0.53558350,0.00009942
0.53710938,0.00018753
0.53863525,0.00022013
0.54016113,0.00019872
0.54168701,0.00017069
0.54321289,0.00012139
0.54473877,0.00008670
0.54626465,0.00009520
0.54779053,0.00011878
0.54931641,0.00012266
0.55084229,0.00020298
0.55236816,0.00023527
0.55389404,0.00021162
0.55541992,0.00021102
0.55694580,0.00023912
0.55847168,0.00019132
0.55999756,0.00016726
0.56152344,0.00019132
0.56304932,0.00015572
0.56457520,0.00011621
0.56610107,0.00010638
0.56762695,0.00009375
0.56915283,0.00010111
0.57067871,0.00015426
0.57220459,0.00025164
0.57373047,0.00028715
0.57525635,0.00020732
0.57678223,0.00001520
0.57830811,0.00026896
0.57983398,0.00041325
0.58135986,0.00046712
0.58288574,0.00044752
0.58441162,0.00037247
0.58593750,0.00026786
0.58746338,0.00019230
0.58898926,0.00020954
0.59051514,0.00022589
0.59204102,0.00024707
0.59356689,0.00028130
0.59509277,0.00028162
0.59661865,0.00026769
0.59814453,0.00023470
0.59967041,0.00023686
0.60119629,0.00026014
0.60272217,0.00027923
0.60424805,0.00023677
0.60577393,0.00022382
0.60729980,0.00021872
0.60882568,0.00019961
0.61035156,0.00017753
0.61187744,0.00014414
0.61340332,0.00011338
0.61492920,0.00011837
0.61645508,0.00015004
0.61798096,0.00013757
0.61950684,0.00008259
0.62103271,0.00009715
0.62255859,0.00006156
0.62408447,0.00008471
0.62561035,0.00010002
0.62713623,0.00007832
0.62866211,0.00003564
0.63018799,0.00017372
0.63171387,0.00024714
0.63323975,0.00027447
0.63476563,0.00025639
0.63629150,0.00020431
0.63781738,0.00014133
0.63934326,0.00010172
0.64086914,0.00005815
0.64239502,0.00008359
0.64392090,0.00010951
0.64544678,0.00006865
0.64697266,0.00006237
0.64849854,0.00015718
0.65002441,0.00021499
0.65155029,0.00025487
0.65307617,0.00023380
0.65460205,0.00017133
0.65612793,0.00006580
0.65765381,0.00006750
0.65917969,0.00017070
0.66070557,0.00048364
0.66223145,0.00435361
0.66375732,0.01265079
0.66528320,0.01773321
0.66680908,0.01817005
0.66833496,0.01739359
0.66986084,0.01127928
0.67138672,0.00323350
0.67291260,0.00012586
0.67443848,0.00021845
0.67596436,0.00027365
0.67749023,0.00025915
0.67901611,0.00021968
0.68054199,0.00018230
0.68206787,0.00013969
0.68359375,0.00008910
0.68511963,0.00013219
0.68664551,0.00018627
0.68817139,0.00019016
0.68969727,0.00013658
0.69122314,0.00009985
0.69274902,0.00015593
0.69427490,0.00020113
0.69580078,0.00024572
0.69732666,0.00024349
0.69885254,0.00018288
0.70037842,0.00010244
0.70190430,0.00007990
0.70343018,0.00011769
0.70495605,0.00008474
0.70648193,0.00006855
0.70800781,0.00016299
0.70953369,0.00025636
0.71105957,0.00029652
0.71258545,0.00028332
0.71411133,0.00019404
0.71563721,0.00010372
0.71716309,0.00007352
0.71868896,0.00013778
0.72021484,0.00022145
0.72174072,0.00032195
0.72326660,0.00034266
0.72479248,0.00027217
0.72631836,0.00019429
0.72784424,0.00019580
0.72937012,0.00022192
0.73089600,0.00017453
0.73242188,0.00016630
0.73394775,0.00014699
0.73547363,0.00013141
0.73699951,0.00014369
0.73852539,0.00019097
0.74005127,0.00025503
0.74157715,0.00025743
0.74310303,0.00023556
0.74462891,0.00015916
0.74615479,0.00007503
0.74768066,0.00005934
0.74920654,0.00009456
0.75073242,0.00014851
0.75225830,0.00017192
0.75378418,0.00011634
0.75531006,0.00003801
0.75683594,0.00011039
0.75836182,0.00017788
0.75988770,0.00026271
0.76141357,0.00033161
0.76293945,0.00037079
0.76446533,0.00039696
0.76599121,0.00045983
0.76751709,0.00049226
0.76904297,0.00048035
0.77056885,0.00041879
0.77209473,0.00032268
0.77362061,0.00023537
0.77514648,0.00017587
0.77667236,0.00008244
0.77819824,0.00011071
0.77972412,0.00023077
0.78125000,0.00028700
0.78277588,0.00027524
0.78430176,0.00023485
0.78582764,0.00018994
0.78735352,0.00018639
0.78887939,0.00011705
0.79040527,0.00003268
0.79193115,0.00006133
0.79345703,0.00007207
0.79498291,0.00006986
0.79650879,0.00010600
0.79803467,0.00015488
0.79956055,0.00016706
0.80108643,0.00009129
0.80261230,0.00005883
0.80413818,0.00015197
0.80566406,0.00014672
0.80718994,0.00003475
0.80871582,0.00006144
0.81024170,0.00012306
0.81176758,0.00018745
0.81329346,0.00026451
0.81481934,0.00027164
0.81634521,0.00022201
0.81787109,0.00008498
0.81939697,0.00015938
0.82092285,0.00023584
0.82244873,0.00029353
0.82397461,0.00034181
0.82550049,0.00029803
0.82702637,0.00023013
0.82855225,0.00015120
0.83007813,0.00007567
0.83160400,0.00012061
0.83312988,0.00020056
0.83465576,0.00030849
0.83618164,0.00031887
0.83770752,0.00032619
0.83923340,0.00030152
0.84075928,0.00024990
0.84228516,0.00022511
0.84381104,0.00014385
0.84533691,0.00017012
0.84686279,0.00019914
0.84838867,0.00018745
0.84991455,0.00018879
0.85144043,0.00026911
0.85296631,0.00030883
0.85449219,0.00031691
0.85601807,0.00035210
0.85754395,0.00040255
0.85906982,0.00039180
0.86059570,0.00038098
0.86212158,0.00031659
0.86364746,0.00022474
0.86517334,0.00017066
0.86669922,0.00012207
0.86822510,0.00002708
0.86975098,0.00007832
0.87127686,0.00012144
0.87280273,0.00012767
0.87432861,0.00016990
0.87585449,0.00014448
0.87738037,0.00008116
0.87890625,0.00008207
0.88043213,0.00014281
0.88195801,0.00018518
0.88348389,0.00019712
0.88500977,0.00020255
0.88653564,0.00025524
0.88806152,0.00029371
0.88958740,0.00027906
0.89111328,0.00025430
0.89263916,0.00020252
0.89416504,0.00012462
0.89569092,0.00015635
0.89721680,0.00019902
0.89874268,0.00018311
0.90026855,0.00014048
0.90179443,0.00015195
0.90332031,0.00017398
0.90484619,0.00021770
0.90637207,0.00027600
0.90789795,0.00030270
0.90942383,0.00025967
0.91094971,0.00020936
0.91247559,0.00015692
0.91400146,0.00007580
0.91552734,0.00007283
0.91705322,0.00006633
0.91857910,0.00005937
0.92010498,0.00009912
0.92163086,0.00017090
0.92315674,0.00019636
0.92468262,0.00023867
0.92620850,0.00021873
0.92773438,0.00016143
0.92926025,0.00014576
0.93078613,0.00022962
0.93231201,0.00031643
0.93383789,0.00031338
0.93536377,0.00024080
0.93688965,0.00017270
0.93841553,0.00011614
0.93994141,0.00009408
0.94146729,0.00012530
0.94299316,0.00013195
0.94451904,0.00006853
0.94604492,0.00003822
0.94757080,0.00007403
0.94909668,0.00009932
0.95062256,0.00012325
0.95214844,0.00014734
0.95367432,0.00012801
0.95520020,0.00011569
0.95672607,0.00008994
0.95825195,0.00008676
0.95977783,0.00006810
0.96130371,0.00009168
0.96282959,0.00014160
0.96435547,0.00015486
0.96588135,0.00009436
0.96740723,0.00007059
0.96893311,0.00010799
0.97045898,0.00010468
0.97198486,0.00006253
0.97351074,0.00006550
0.97503662,0.00014413
0.97656250,0.00024308
0.97808838,0.00027868
0.97961426,0.00025644
0.98114014,0.00020222
0.98266602,0.00009427
0.98419189,0.00003094
0.98571777,0.00005578
0.98724365,0.00007683
0.98876953,0.00009651
0.99029541,0.00008725
0.99182129,0.00010559
0.99334717,0.00008205
0.99487305,0.00104398
0.99639893,0.00538365
0.99792480,0.01015888
0.99945068,0.01146008
1.00097656,0.01147339
1.00250244,0.00942854
1.00402832,0.00419304
1.00555420,0.00067612
1.00708008,0.00026258
1.00860596,0.00029021
1.01013184,0.00024484
1.01165771,0.00017840
1.01318359,0.00015335
1.01470947,0.00013000
1.01623535,0.00004184
1.01776123,0.00007449
1.01928711,0.00017877
1.02081299,0.00033817
1.02233887,0.00038978
1.02386475,0.00030141
1.02539063,0.00019129
1.02691650,0.00011461
1.02844238,0.00016543
1.02996826,0.00021047
1.03149414,0.00020906
1.03302002,0.00019004
1.03454590,0.00016174
1.03607178,0.00013802
1.03759766,0.00013272
1.03912354,0.00016467
1.04064941,0.00017173
1.04217529,0.00016641
1.04370117,0.00012405
1.04522705,0.00005778
1.04675293,0.00008438
1.04827881,0.00017048
1.04980469,0.00022772
1.05133057,0.00029274
1.05285645,0.00033587
1.05438232,0.00033152
1.05590820,0.00029924
1.05743408,0.00023555
1.05895996,0.00015999
1.06048584,0.00011075
1.06201172,0.00010468
1.06353760,0.00012164
1.06506348,0.00009466
1.06658936,0.00006785
1.06811523,0.00008983
1.06964111,0.00013410
1.07116699,0.00014299
1.07269287,0.00011822
1.07421875,0.00004838
1.07574463,0.00007654
1.07727051,0.00007226
1.07879639,0.00005271
1.08032227,0.00010053
1.08184814,0.00014551
1.08337402,0.00013185
1.08489990,0.00014880
1.08642578,0.00015521
1.08795166,0.00010622
1.08947754,0.00003998
1.09100342,0.00015149
1.09252930,0.00027363
1.09405518,0.00024960
1.09558105,0.00009395
1.09710693,0.00014281
1.09863281,0.00032805
1.10015869,0.00034336
1.10168457,0.00024263
1.10321045,0.00009106
1.10473633,0.00006284
1.10626221,0.00009917
1.10778809,0.00009153
1.10931396,0.00011572
1.11083984,0.00018648
1.11236572,0.00019025
1.11389160,0.00018870
1.11541748,0.00018803
1.11694336,0.00017713
1.11846924,0.00015873
1.11999512,0.00016800
1.12152100,0.00012647
1.12304688,0.00007860
1.12457275,0.00004425
1.12609863,0.00006624
1.12762451,0.00008340
1.12915039,0.00012452
1.13067627,0.00018424
1.13220215,0.00023805
1.13372803,0.00024218
1.13525391,0.00029220
1.13677979,0.00031089
1.13830566,0.00024125
1.13983154,0.00010428
1.14135742,0.00008373
1.14288330,0.00018026
1.14440918,0.00021027
1.14593506,0.00019024
1.14746094,0.00016488
1.14898682,0.00013924
1.15051270,0.00013847
1.15203857,0.00013118
1.15356445,0.00012769
1.15509033,0.00009312
1.15661621,0.00012515
1.15814209,0.00019089
1.15966797,0.00028190
1.16119385,0.00026181
1.16271973,0.00013758
1.16424561,0.00017444
1.16577148,0.00023292
1.16729736,0.00028555
1.16882324,0.00020002
1.17034912,0.00008061
1.17187500,0.00009638
1.17340088,0.00009368
1.17492676,0.00016146
1.17645264,0.00027588
1.17797852,0.00034146
1.17950439,0.00039210
1.18103027,0.00037949
1.18255615,0.00027653
1.18408203,0.00018396
1.18560791,0.00018626
1.18713379,0.00021865
1.18865967,0.00018247
1.19018555,0.00016341
1.19171143,0.00019822
1.19323730,0.00014088
1.19476318,0.00008668
1.19628906,0.00008719
1.19781494,0.00008798
1.19934082,0.00011782
1.20086670,0.00019129
1.20239258,0.00019175
1.20391846,0.00013740
1.20544434,0.00009122
1.20697021,0.00008025
1.20849609,0.00004652
1.21002197,0.00005291
1.21154785,0.00008271
1.21307373,0.00005283
1.21459961,0.00003561
1.21612549,0.00006235
1.21765137,0.00007898
1.21917725,0.00005998
1.22070313,0.00008686
1.22222900,0.00013576
1.22375488,0.00019571
1.22528076,0.00023470
1.22680664,0.00025540
1.22833252,0.00021554
1.22985840,0.00013183
1.23138428,0.00004154
1.23291016,0.00012172
1.23443604,0.00014123
1.23596191,0.00012773
1.23748779,0.00015678
1.23901367,0.00015945
1.24053955,0.00017575
1.24206543,0.00022660
1.24359131,0.00024880
1.24511719,0.00017870
1.24664307,0.00011899
1.24816895,0.00009714
1.24969482,0.00011683
1.25122070,0.00012127
1.25274658,0.00006540
1.25427246,0.00014985
1.25579834,0.00025349
1.25732422,0.00028607
1.25885010,0.00027274
1.26037598,0.00020841
1.26190186,0.00013043
1.26342773,0.00010528
1.26495361,0.00015615
1.26647949,0.00019115
1.26800537,0.00010457
1.26953125,0.00007618
1.27105713,0.00016044
1.27258301,0.00024311
1.27410889,0.00027905
1.27563477,0.00028845
1.27716064,0.00033119
1.27868652,0.00036878
1.28021240,0.00041583
1.28173828,0.00042643
1.28326416,0.00037012
1.28479004,0.00027949
1.28631592,0.00019209
1.28784180,0.00010781
1.28936768,0.00006449
1.29089355,0.00005924
1.29241943,0.00004207
1.29394531,0.00007512
1.29547119,0.00013539
1.29699707,0.00020136
1.29852295,0.00025887
1.30004883,0.00028862
1.30157471,0.00024568
1.30310059,0.00024022
1.30462646,0.00021421
1.30615234,0.00018288
1.30767822,0.00021581
1.30920410,0.00020611
1.31072998,0.00010825
1.31225586,0.00005608
1.31378174,0.00006953
1.31530762,0.00007289
1.31683350,0.00002907
1.31835938,0.00007523
1.31988525,0.00009622
1.32141113,0.00012044
1.32293701,0.00010099
1.32446289,0.00007376
1.32598877,0.00006453
1.32751465,0.00034821
1.32904053,0.00239742
1.33056641,0.00634764
1.33209229,0.00854657
1.33361816,0.00864749
1.33514404,0.00807662
1.33666992,0.00493946
1.33819580,0.00121811
1.33972168,0.00016012
1.34124756,0.00028242
1.34277344,0.00026016
1.34429932,0.00022913
1.34582520,0.00022445
1.34735107,0.00019893
1.34887695,0.00019087
1.35040283,0.00020969
1.35192871,0.00021554
1.35345459,0.00017654
1.35498047,0.00016011
1.35650635,0.00009787
1.35803223,0.00004971
1.35955811,0.00004019
1.36108398,0.00002363
1.36260986,0.00004589
1.36413574,0.00014849
1.36566162,0.00017795
1.36718750,0.00020519
1.36871338,0.00016670
1.37023926,0.00008036
1.37176514,0.00011526
1.37329102,0.00011832
1.37481689,0.00009624
1.37634277,0.00008268
1.37786865,0.00009622
1.37939453,0.00015296
1.38092041,0.00014098
1.38244629,0.00010752
1.38397217,0.00010265
1.38549805,0.00016571
1.38702393,0.00015206
1.38854980,0.00006714
1.39007568,0.00011112
1.39160156,0.00016930
1.39312744,0.00015859
1.39465332,0.00016664
1.39617920,0.00020364
1.39770508,0.00019085
1.39923096,0.00018079
1.40075684,0.00018748
1.40228271,0.00019046
1.40380859,0.00016650
1.40533447,0.00012256
1.40686035,0.00011983
1.40838623,0.00015327
1.40991211,0.00014053
1.41143799,0.00011587
1.41296387,0.00008203
1.41448975,0.00009348
1.41601563,0.00010909
1.41754150,0.00012595
1.41906738,0.00012043
1.42059326,0.00014471
1.42211914,0.00018436
1.42364502,0.00010905
1.42517090,0.00001158
1.42669678,0.00009270
1.42822266,0.00013282
1.42974854,0.00011860
1.43127441,0.00008575
1.43280029,0.00011956
1.43432617,0.00016220
1.43585205,0.00020691
1.43737793,0.00025309
1.43890381,0.00025664
1.44042969,0.00017567
1.44195557,0.00013355
1.44348145,0.00011949
1.44500732,0.00018154
1.44653320,0.00024514
1.44805908,0.00022875
1.44958496,0.00014755
1.45111084,0.00002149
1.45263672,0.00005750
1.45416260,0.00003512
1.45568848,0.00004126
1.45721436,0.00010418
1.45874023,0.00014232
1.46026611,0.00010410
1.46179199,0.00001369
1.46331787,0.00006288
1.46484375,0.00011308
1.46636963,0.00013716
1.46789551,0.00009193
1.46942139,0.00009481
1.47094727,0.00012383
1.47247314,0.00012128
1.47399902,0.00014134
1.47552490,0.00024124
1.47705078,0.00032516
1.47857666,0.00028132
1.48010254,0.00020908
1.48162842,0.00012832
1.48315430,0.00001216
1.48468018,0.00015093
1.48620605,0.00019671
1.48773193,0.00021523
1.48925781,0.00017571
1.49078369,0.00008901
1.49230957,0.00004071
1.49383545,0.00003056
1.49536133,0.00003718
1.49688721,0.00018775
1.49841309,0.00025603
1.49993896,0.00023333
1.50146484,0.00019186
1.50299072,0.00012758
1.50451660,0.00024100
1.50604248,0.00036672
1.50756836,0.00038397
1.50909424,0.00032281
1.51062012,0.00028421
1.51214600,0.00021699
1.51367188,0.00013569
1.51519775,0.00017394
1.51672363,0.00024687
1.51824951,0.00027571
1.51977539,0.00022922
1.52130127,0.00016698
1.52282715,0.00012349
1.52435303,0.00010691
1.52587891,0.00009147
1.52740479,0.00002378
1.52893066,0.00011667
1.53045654,0.00025331
1.53198242,0.00034513
1.53350830,0.00039221
1.53503418,0.00037006
1.53656006,0.00028191
1.53808594,0.00016237
1.53961182,0.00005078
1.54113770,0.00001675
1.54266357,0.00003351
1.54418945,0.00011671
1.54571533,0.00022400
1.54724121,0.00023288
1.54876709,0.00018247
1.55029297,0.00011593
1.55181885,0.00008666
1.55334473,0.00014756
1.55487061,0.00026103
1.55639648,0.00029804
1.55792236,0.00027201
1.55944824,0.00018272
1.56097412,0.00006423
1.56250000,0.00006695
1.56402588,0.00002478
1.56555176,0.00006693
1.56707764,0.00014284
1.56860352,0.00020410
1.57012939,0.00019050
1.57165527,0.00008841
1.57318115,0.00003686
1.57470703,0.00003395
1.57623291,0.00007672
1.57775879,0.00012924
1.57928467,0.00019327
1.58081055,0.00023800
1.58233643,0.00027330
1.58386230,0.00026219
1.58538818,0.00021464
1.58691406,0.00013143
1.58843994,0.00006412
1.58996582,0.00009749
1.59149170,0.00012225
1.59301758,0.00011079
1.59454346,0.00004744
1.59606934,0.00005024
1.59759521,0.00007955
1.59912109,0.00009430
1.60064697,0.00010916
1.60217285,0.00012253
1.60369873,0.00011171
1.60522461,0.00008070
1.60675049,0.00007871
1.60827637,0.00009955
1.60980225,0.00005883
1.61132813,0.00005580
1.61285400,0.00007122
1.61437988,0.00012873
1.61590576,0.00017025
1.61743164,0.00015606
1.61895752,0.00015829
1.62048340,0.00013701
1.62200928,0.00012758
1.62353516,0.00012402
1.62506104,0.00013737
1.62658691,0.00012327
1.62811279,0.00011026
1.62963867,0.00008868
1.63116455,0.00011367
1.63269043,0.00016248
1.63421631,0.00016990
1.63574219,0.00013952
1.63726807,0.00014859
1.63879395,0.00009523
1.64031982,0.00011358
1.64184570,0.00011004
1.64337158,0.00009590
1.64489746,0.00009508
1.64642334,0.00014668
1.64794922,0.00015819
1.64947510,0.00015128
1.65100098,0.00016445
1.65252686,0.00014117
1.65405273,0.00014482
1.65557861,0.00018980
1.65710449,0.00020218
1.65863037,0.00018899
1.66015625,0.00022158
1.66168213,0.00100001
1.66320801,0.00395700
1.66473389,0.00695560
1.66625977,0.00757457
1.66778564,0.00746433
1.66931152,0.00585031
1.67083740,0.00232389
1.67236328,0.00019350
1.67388916,0.00014812
1.67541504,0.00019393
1.67694092,0.00025009
1.67846680,0.00024504
1.67999268,0.00028555
1.68151855,0.00029514
1.68304443,0.00025250
1.68457031,0.00020286
1.68609619,0.00015349
1.68762207,0.00009665
1.68914795,0.00013227
1.69067383,0.00018256
1.69219971,0.00021608
1.69372559,0.00021684
1.69525146,0.00018364
1.69677734,0.00012071
1.69830322,0.00010407
1.69982910,0.00011904
1.70135498,0.00016478
1.70288086,0.00018642
1.70440674,0.00020337
1.70593262,0.00017240
1.70745850,0.00011717
1.70898438,0.00013999
1.71051025,0.00019940
1.71203613,0.00020925
1.71356201,0.00019080
1.71508789,0.00016046
1.71661377,0.00013166
1.71813965,0.00010454
1.71966553,0.00013133
1.72119141,0.00013796
1.72271729,0.00013161
1.72424316,0.00012591
1.72576904,0.00011853
1.72729492,0.00010157
1.72882080,0.00010644
1.73034668,0.00017634
1.73187256,0.00025788
1.73339844,0.00029422
1.73492432,0.00027682
1.73645020,0.00022743
1.73797607,0.00018885
1.73950195,0.00019606
1.74102783,0.00021506
1.74255371,0.00017723
1.74407959,0.00014224
1.74560547,0.00016653
1.74713135,0.00021331
1.74865723,0.00023613
1.75018311,0.00023513
1.75170898,0.00015970
1.75323486,0.00002844
1.75476074,0.00014112
1.75628662,0.00023729
1.75781250,0.00024314
1.75933838,0.00016061
1.76086426,0.00004030
1.76239014,0.00012772
1.76391602,0.00021384
1.76544189,0.00025020
1.76696777,0.00022572
1.76849365,0.00014737
1.77001953,0.00005931
1.77154541,0.00005179
1.77307129,0.00012834
1.77459717,0.00022475
1.77612305,0.00025896
1.77764893,0.00027455
1.77917480,0.00026450
1.78070068,0.00021730
1.78222656,0.00016552
1.78375244,0.00011105
1.78527832,0.00006478
1.78680420,0.00007536
1.78833008,0.00011637
1.78985596,0.00020529
1.79138184,0.00025334
1.79290771,0.00025586
1.79443359,0.00021571
1.79595947,0.00014457
1.79748535,0.00008233
1.79901123,0.00009358
1.80053711,0.00014410
1.80206299,0.00016805
1.80358887,0.00016135
1.80511475,0.00018490
1.80664063,0.00019994
1.80816650,0.00023089
1.80969238,0.00027733
1.81121826,0.00027770
1.81274414,0.00024005
1.81427002,0.00018835
1.81579590,0.00003974
1.81732178,0.00014253
1.81884766,0.00026267
1.82037354,0.00028097
1.82189941,0.00020692
1.82342529,0.00003642
1.82495117,0.00015401
1.82647705,0.00027948
1.82800293,0.00031051
1.82952881,0.00038794
1.83105469,0.00047568
1.83258057,0.00048852
1.83410645,0.00045636
1.83563232,0.00036865
1.83715820,0.00019901
1.83868408,0.00006836
1.84020996,0.00013415
1.84173584,0.00015417
1.84326172,0.00009206
1.84478760,0.00001093
1.84631348,0.00007130
1.84783936,0.00008737
1.84936523,0.00004730
1.85089111,0.00004922
1.85241699,0.00005246
1.85394287,0.00003266
1.85546875,0.00007724
1.85699463,0.00010530
1.85852051,0.00008128
1.86004639,0.00011225
1.86157227,0.00018266
1.86309814,0.00022044
1.86462402,0.00018509
1.86614990,0.00007145
1.86767578,0.00005283
1.86920166,0.00010078
1.87072754,0.00012657
1.87225342,0.00016269
1.87377930,0.00020171
1.87530518,0.00023390
1.87683105,0.00023099
1.87835693,0.00019810
1.87988281,0.00016000
1.88140869,0.00013918
1.88293457,0.00014359
1.88446045,0.00013708
1.88598633,0.00015005
1.88751221,0.00020965
1.88903809,0.00024566
1.89056396,0.00021792
1.89208984,0.00020529
1.89361572,0.00026124
1.89514160,0.00035696
1.89666748,0.00045912
1.89819336,0.00048516
1.89971924,0.00042255
1.90124512,0.00029688
1.90277100,0.00019414
1.90429688,0.00017133
1.90582275,0.00018835
1.90734863,0.00016288
1.90887451,0.00008269
1.91040039,0.00014135
1.91192627,0.00022018
1.91345215,0.00025464
1.91497803,0.00023353
1.91650391,0.00016899
1.91802979,0.00019942
1.91955566,0.00024272
1.92108154,0.00024076
1.92260742,0.00026555
1.92413330,0.00024018
1.92565918,0.00016567
1.92718506,0.00007441
1.92871094,0.00003437
1.93023682,0.00007125
1.93176270,0.00007331
1.93328857,0.00009014
1.93481445,0.00010120
1.93634033,0.00004402
1.93786621,0.00010557
1.93939209,0.00021624
1.94091797,0.00026181
1.94244385,0.00019887
1.94396973,0.00009811
1.94549561,0.00005751
1.94702148,0.00005371
1.94854736,0.00003025
1.95007324,0.00002057
1.95159912,0.00000665
1.95312500,0.00002965
1.95465088,0.00005643
1.95617676,0.00014217
1.95770264,0.00020000
1.95922852,0.00025537
1.96075439,0.00031497
1.96228027,0.00026514
1.96380615,0.00015606
1.96533203,0.00005327
1.96685791,0.00003771
1.96838379,0.00010775
1.96990967,0.00014406
1.97143555,0.00013671
1.97296143,0.00011633
1.97448730,0.00007644
1.97601318,0.00001481
1.97753906,0.00007396
1.97906494,0.00008800
1.98059082,0.00005097
1.98211670,0.00004765
1.98364258,0.00005322
1.98516846,0.00007648
1.98669434,0.00010439
1.98822021,0.00012497
1.98974609,0.00015016
1.99127197,0.00013641
1.99279785,0.00012947
1.99432373,0.00032973
1.99584961,0.00185116
1.99737549,0.00456856
1.99890137,0.00591047
2.00042725,0.00599221
2.00195313,0.00554035
2.00347900,0.00324750
2.00500488,0.00081267
2.00653076,0.00008154
2.00805664,0.00005606
2.00958252,0.00012900
2.01110840,0.00016680
2.01263428,0.00020193
2.01416016,0.00021268
2.01568604,0.00017859
2.01721191,0.00013242
2.01873779,0.00007737
2.02026367,0.00009975
2.02178955,0.00014424
2.02331543,0.00018050
2.02484131,0.00020972
2.02636719,0.00019530
2.02789307,0.00018932
2.02941895,0.00017040
2.03094482,0.00013808
2.03247070,0.00011961
2.03399658,0.00018114
2.03552246,0.00022113
2.03704834,0.00023972
2.03857422,0.00025472
2.04010010,0.00019108
2.04162598,0.00007534
2.04315186,0.00005443
2.04467773,0.00009891
2.04620361,0.00011855
2.04772949,0.00008051
2.04925537,0.00007915
2.05078125,0.00018307
2.05230713,0.00021875
2.05383301,0.00023092
2.05535889,0.00020918
2.05688477,0.00015769
2.05841064,0.00014634
2.05993652,0.00016356
2.06146240,0.00020318
2.06298828,0.00022482
2.06451416,0.00018722
2.06604004,0.00014027
2.06756592,0.00009122
2.06909180,0.00007473
2.07061768,0.00016132
2.07214355,0.00017264
2.07366943,0.00009837
2.07519531,0.00003593
2.07672119,0.00010641
2.07824707,0.00022696
2.07977295,0.00028016
2.08129883,0.00027156
2.08282471,0.00023937
2.08435059,0.00020939
2.08587646,0.00021843
2.08740234,0.00022593
2.08892822,0.00016497
2.09045410,0.00011602
2.09197998,0.00007625
2.09350586,0.00001086
2.09503174,0.00005367
2.09655762,0.00005054
2.09808350,0.00009790
2.09960938,0.00014820
2.10113525,0.00018626
2.10266113,0.00020279
2.10418701,0.00022090
2.10571289,0.00029603
2.10723877,0.00038670
2.10876465,0.00038227
2.11029053,0.00028431
2.11181641,0.00012099
2.11334229,0.00009283
2.11486816,0.00022231
2.11639404,0.00025412
2.11791992,0.00023358
2.11944580,0.00015702
2.12097168,0.00012501
2.12249756,0.00009903
2.12402344,0.00005119
2.12554932,0.00012463
2.12707520,0.00016278
2.12860107,0.00011262
2.13012695,0.00005065
2.13165283,0.00007293
2.13317871,0.00018185
2.13470459,0.00026531
2.13623047,0.00032004
2.13775635,0.00028998
2.13928223,0.00024061
2.14080811,0.00017459
2.14233398,0.00004665
2.14385986,0.00004919
2.14538574,0.00008283
2.14691162,0.00009271
2.14843750,0.00007875
2.14996338,0.00007583
2.15148926,0.00004774
2.15301514,0.00004329
2.15454102,0.00002591
2.15606689,0.00005597
2.15759277,0.00016066
2.15911865,0.00022660
2.16064453,0.00018723
2.16217041,0.00008290
2.16369629,0.00022803
2.16522217,0.00036680
2.16674805,0.00040367
2.16827393,0.00040168
2.16979980,0.00031038
2.17132568,0.00016588
2.17285156,0.00009695
2.17437744,0.00007153
2.17590332,0.00004501
2.17742920,0.00005505
2.17895508,0.00012211
2.18048096,0.00014980
2.18200684,0.00012200
2.18353271,0.00015740
2.18505859,0.00025076
2.18658447,0.00026322
2.18811035,0.00020074
2.18963623,0.00015950
2.19116211,0.00023079
2.19268799,0.00028164
2.19421387,0.00033644
2.19573975,0.00035066
2.19726563,0.00029683
2.19879150,0.00022434
2.20031738,0.00013512
2.20184326,0.00026719
2.20336914,0.00035510
2.20489502,0.00034376
2.20642090,0.00027939
2.20794678,0.00015182
2.20947266,0.00014281
2.21099854,0.00020768
2.21252441,0.00022992
2.21405029,0.00016353
2.21557617,0.00009023
2.21710205,0.00004122
2.21862793,0.00010008
2.22015381,0.00019000
2.22167969,0.00027188
2.22320557,0.00030309
2.22473145,0.00030946
2.22625732,0.00026959
2.22778320,0.00019743
2.22930908,0.00009443
2.23083496,0.00008499
2.23236084,0.00016512
2.23388672,0.00015061
2.23541260,0.00013107
2.23693848,0.00015213
2.23846436,0.00017538
2.23999023,0.00015896
2.24151611,0.00020223
2.24304199,0.00025788
2.24456787,0.00025939
2.24609375,0.00023289
2.24761963,0.00021469
2.24914551,0.00020635
2.25067139,0.00022954
2.25219727,0.00028297
2.25372314,0.00029611
2.25524902,0.00024530
2.25677490,0.00018138
2.25830078,0.00015531
2.25982666,0.00017468
2.26135254,0.00020734
2.26287842,0.00023285
2.26440430,0.00018789
2.26593018,0.00011488
2.26745605,0.00004002
2.26898193,0.00002157
2.27050781,0.00007117
2.27203369,0.00009597
2.27355957,0.00008848
2.27508545,0.00007942
2.27661133,0.00009804
2.27813721,0.00011091
2.27966309,0.00011152
2.28118896,0.00009763
2.28271484,0.00002417
2.28424072,0.00009216
2.28576660,0.00015407
2.28729248,0.00019517
2.28881836,0.00016956
2.29034424,0.00010787
2.29187012,0.00013057
2.29339600,0.00017743
2.29492188,0.00013819
2.29644775,0.00003595
2.29797363,0.00003285
2.29949951,0.00008649
2.30102539,0.00017541
2.30255127,0.00017272
2.30407715,0.00012641
2.30560303,0.00008818
2.30712891,0.00012521
2.30865479,0.00024255
2.31018066,0.00032012
2.31170654,0.00033718
2.31323242,0.00034839
2.31475830,0.00032443
2.31628418,0.00021963
2.31781006,0.00007267
2.31933594,0.00009661
2.32086182,0.00016155
2.32238770,0.00020752
2.32391357,0.00021549
2.32543945,0.00021231
2.32696533,0.00015733
2.32849121,0.00058263
2.33001709,0.00282095
2.33154297,0.00488765
2.33306885,0.00537278
2.33459473,0.00531945
2.33612061,0.00406368
2.33764648,0.00167146
2.33917236,0.00035395
2.34069824,0.00022636
2.34222412,0.00024174
2.34375000,0.00018388
2.34527588,0.00012015
2.34680176,0.00005998
2.34832764,0.00003095
2.34985352,0.00007757
2.35137939,0.00013790
2.35290527,0.00017863
2.35443115,0.00023186
2.35595703,0.00021114
2.35748291,0.00013886
2.35900879,0.00010785
2.36053467,0.00005472
2.36206055,0.00010767
2.36358643,0.00018006
2.36511230,0.00025529
2.36663818,0.00032319
2.36816406,0.00030108
2.36968994,0.00022336
2.37121582,0.00015983
2.37274170,0.00017098
2.37426758,0.00016326
2.37579346,0.00012523
2.37731934,0.00008186
2.37884521,0.00004907
2.38037109,0.00003792
2.38189697,0.00009010
2.38342285,0.00005956
2.38494873,0.00001319
2.38647461,0.00008481
2.38800049,0.00012350
2.38952637,0.00011439
2.39105225,0.00013323
2.39257813,0.00017590
2.39410400,0.00019253
2.39562988,0.00018410
2.39715576,0.00013514
2.39868164,0.00006771
2.40020752,0.00006150
2.40173340,0.00006488
2.40325928,0.00007763
2.40478516,0.00010706
2.40631104,0.00009457
2.40783691,0.00013334
2.40936279,0.00012290
2.41088867,0.00008275
2.41241455,0.00004886
2.41394043,0.00010578
2.41546631,0.00016556
2.41699219,0.00022258
2.41851807,0.00026105
2.42004395,0.00025541
2.42156982,0.00021921
2.42309570,0.00016524
2.42462158,0.00012218
2.42614746,0.00011462
2.42767334,0.00011986
2.42919922,0.00015993
2.43072510,0.00025868
2.43225098,0.00029334
2.43377686,0.00027322
2.43530273,0.00025840
2.43682861,0.00017116
2.43835449,0.00007555
2.43988037,0.00002298
2.44140625,0.00004256
2.44293213,0.00008014
2.44445801,0.00010756
2.44598389,0.00008948
2.44750977,0.00001940
2.44903564,0.00006439
2.45056152,0.00012439
2.45208740,0.00016591
2.45361328,0.00019279
2.45513916,0.00016313
2.45666504,0.00007600
2.45819092,0.00011067
2.45971680,0.00016566
2.46124268,0.00013418
2.46276855,0.00008901
2.46429443,0.00010823
2.46582031,0.00009850
2.46734619,0.00010076
2.46887207,0.00007681
2.47039795,0.00004102
2.47192383,0.00002680
2.47344971,0.00008541
2.47497559,0.00014404
2.47650146,0.00018019
2.47802734,0.00017021
2.47955322,0.00011736
2.48107910,0.00010110
2.48260498,0.00008137
2.48413086,0.00008778
2.48565674,0.00015767
2.48718262,0.00015645
2.48870850,0.00015916
2.49023438,0.00011090
2.49176025,0.00005957
2.49328613,0.00010336
2.49481201,0.00004746
2.49633789,0.00022861
2.49786377,0.00036901
2.49938965,0.00040027
2.50091553,0.00035716
2.50244141,0.00023421
2.50396729,0.00011308
2.50549316,0.00012485
2.50701904,0.00009945
2.50854492,0.00008441
2.51007080,0.00010039
2.51159668,0.00013413
2.51312256,0.00012698
2.51464844,0.00014175
2.51617432,0.00019438
2.51770020,0.00020671
2.51922607,0.00020891
2.52075195,0.00018702
2.52227783,0.00017014
2.52380371,0.00015256
2.52532959,0.00009707
2.52685547,0.00006428
2.52838135,0.00008473
2.52990723,0.00014346
2.53143311,0.00019606
2.53295898,0.00021813
2.53448486,0.00018895
2.53601074,0.00012888
2.53753662,0.00008711
2.53906250,0.00012669
2.54058838,0.00018873
2.54211426,0.00019690
2.54364014,0.00023430
2.54516602,0.00026602
2.54669189,0.00020335
2.54821777,0.00014186
2.54974365,0.00010363
2.55126953,0.00009150
2.55279541,0.00007585
2.55432129,0.00010130
2.55584717,0.00021714
2.55737305,0.00026563
2.55889893,0.00026782
2.56042480,0.00016707
2.56195068,0.00015211
2.56347656,0.00026261
2.56500244,0.00031280
2.56652832,0.00028181
2.56805420,0.00019294
2.56958008,0.00008563
2.57110596,0.00011932
2.57263184,0.00019988
2.57415771,0.00024659
2.57568359,0.00022365
2.57720947,0.00014640
2.57873535,0.00010393
2.58026123,0.00006154
2.58178711,0.00005378
2.58331299,0.00006716
2.58483887,0.00010846
2.58636475,0.00009942
2.58789063,0.00005933
2.58941650,0.00003401
2.59094238,0.00006309
2.59246826,0.00006327
2.59399414,0.00003690
2.59552002,0.00007204
2.59704590,0.00018258
2.59857178,0.00024168
2.60009766,0.00021690
2.60162354,0.00017232
2.60314941,0.00015765
2.60467529,0.00013005
2.60620117,0.00008665
2.60772705,0.00011461
2.60925293,0.00013081
2.61077881,0.00008992
2.61230469,0.00017009
2.61383057,0.00032688
2.61535645,0.00044973
2.61688232,0.00047504
2.61840820,0.00043162
2.61993408,0.00034359
2.62145996,0.00023095
2.62298584,0.00012591
2.62451172,0.00011185
2.62603760,0.00014762
2.62756348,0.00018228
2.62908936,0.00019182
2.63061523,0.00017188
2.63214111,0.00023271
2.63366699,0.00030077
2.63519287,0.00032513
2.63671875,0.00039772
2.63824463,0.00044057
2.63977051,0.00037224
2.64129639,0.00029638
2.64282227,0.00023742
2.64434814,0.00015541
2.64587402,0.00016091
2.64739990,0.00022278
2.64892578,0.00029624
2.65045166,0.00036743
2.65197754,0.00041098
2.65350342,0.00039218
2.65502930,0.00029375
2.65655518,0.00014767
2.65808105,0.00003606
2.65960693,0.00017028
2.66113281,0.00046399
2.66265869,0.00139436
2.66418457,0.00276148
2.66571045,0.00327579
2.66723633,0.00317389
2.66876221,0.00274537
2.67028809,0.00145794
2.67181396,0.00029552
2.67333984,0.00003462
2.67486572,0.00012857
2.67639160,0.00024648
2.67791748,0.00028277
2.67944336,0.00027099
2.68096924,0.00020582
2.68249512,0.00013941
2.68402100,0.00006935
2.68554688,0.00002869
2.68707275,0.00001229
2.68859863,0.00001058
2.69012451,0.00006250
2.69165039,0.00016448
2.69317627,0.00021862
2.69470215,0.00022237
2.69622803,0.00018065
2.69775391,0.00011650
2.69927979,0.00010602
2.70080566,0.00013297
2.70233154,0.00015221
2.70385742,0.00012451
2.70538330,0.00005294
2.70690918,0.00007269
2.70843506,0.00012417
2.70996094,0.00013270
2.71148682,0.00012135
2.71301270,0.00015902
2.71453857,0.00017886
2.71606445,0.00017402
2.71759033,0.00016541
2.71911621,0.00013530
2.72064209,0.00009038
2.72216797,0.00010959
2.72369385,0.00017563
2.72521973,0.00022341
2.72674561,0.00022110
2.72827148,0.00025900
2.72979736,0.00031131
2.73132324,0.00031650
2.73284912,0.00036140
2.73437500,0.00044530
2.73590088,0.00047544
2.73742676,0.00046752
2.73895264,0.00042537
2.74047852,0.00030562
2.74200439,0.00013033
2.74353027,0.00009516
2.74505615,0.00026652
2.74658203,0.00041054
2.74810791,0.00042679
2.74963379,0.00035751
2.75115967,0.00024784
2.75268555,0.00012716
2.75421143,0.00007496
2.75573730,0.00009095
2.75726318,0.00011807
2.75878906,0.00013382
2.76031494,0.00015866
2.76184082,0.00016453
2.76336670,0.00015935
2.76489258,0.00019764
2.76641846,0.00022914
2.76794434,0.00022185
2.76947021,0.00023498
2.77099609,0.00021513
2.77252197,0.00014285
2.77404785,0.00010497
2.77557373,0.00014162
2.77709961,0.00016216
2.77862549,0.00017740
2.78015137,0.00025557
2.78167725,0.00031425
2.78320313,0.00022153
2.78472900,0.00013238
2.78625488,0.00013680
2.78778076,0.00010484
2.78930664,0.00007394
2.79083252,0.00012210
2.79235840,0.00014847
2.79388428,0.00010562
2.79541016,0.00009423
2.79693604,0.00005813
2.79846191,0.00000986
2.79998779,0.00006117
2.80151367,0.00020616
2.80303955,0.00028522
2.80456543,0.00030792
2.80609131,0.00029309
2.80761719,0.00022073
2.80914307,0.00022980
2.81066895,0.00026663
2.81219482,0.00021971
2.81372070,0.00015735
2.81524658,0.00016151
2.81677246,0.00016484
2.81829834,0.00010090
2.81982422,0.00001283
2.82135010,0.00004919
2.82287598,0.00007355
2.82440186,0.00004452
2.82592773,0.00003825
2.82745361,0.00005596
2.82897949,0.00010805
2.83050537,0.00025717
2.83203125,0.00039672
2.83355713,0.00052034
2.83508301,0.00056335
2.83660889,0.00045563
2.83813477,0.00031728
2.83966064,0.00023541
2.84118652,0.00015132
2.84271240,0.00006920
2.84423828,0.00008824
2.84576416,0.00017640
2.84729004,0.00021143
2.84881592,0.00014487
2.85034180,0.00007846
2.85186768,0.00011095
2.85339355,0.00016473
2.85491943,0.00014797
2.85644531,0.00015987
2.85797119,0.00020747
2.85949707,0.00025958
2.86102295,0.00022789
2.86254883,0.00011834
2.86407471,0.00003189
2.86560059,0.00015088
2.86712646,0.00021269
2.86865234,0.00016517
2.87017822,0.00013655
2.87170410,0.00010349
2.87322998,0.00011573
2.87475586,0.00005582
2.87628174,0.00007133
2.87780762,0.00018102
2.87933350,0.00025570
2.88085938,0.00025927
2.88238525,0.00020348
2.88391113,0.00017360
2.88543701,0.00020010
2.88696289,0.00021356
2.88848877,0.00020517
2.89001465,0.00019844
2.89154053,0.00016958
2.89306641,0.00012604
2.89459229,0.00010815
2.89611816,0.00011458
2.89764404,0.00013491
2.89916992,0.00015472
2.90069580,0.00018357
2.90222168,0.00021308
2.90374756,0.00018524
2.90527344,0.00016270
2.90679932,0.00011030
2.90832520,0.00003700
2.90985107,0.00003378
2.91137695,0.00003252
2.91290283,0.00003336
2.91442871,0.00009135
2.91595459,0.00018798
2.91748047,0.00024643
2.91900635,0.00025997
2.92053223,0.00021068
2.92205811,0.00010363
2.92358398,0.00004267
2.92510986,0.00005476
2.92663574,0.00011054
2.92816162,0.00010614
2.92968750,0.00008721
2.93121338,0.00009505
2.93273926,0.00012517
2.93426514,0.00012954
2.93579102,0.00013714
2.93731689,0.00011135
2.93884277,0.00006538
2.94036865,0.00002113
2.94189453,0.00007001
2.94342041,0.00009148
2.94494629,0.00009670
2.94647217,0.00015032
2.94799805,0.00015888
2.94952393,0.00009481
2.95104980,0.00001692
2.95257568,0.00005419
2.95410156,0.00016797
2.95562744,0.00019259
2.95715332,0.00010413
2.95867920,0.00001282
2.96020508,0.00006378
2.96173096,0.00009996
2.96325684,0.00006045
2.96478271,0.00003998
2.96630859,0.00007046
2.96783447,0.00011859
2.96936035,0.00011135
2.97088623,0.00008738
2.97241211,0.00005389
2.97393799,0.00007072
2.97546387,0.00009113
2.97698975,0.00012981
2.97851563,0.00015212
2.98004150,0.00011928
2.98156738,0.00009113
2.98309326,0.00008541
2.98461914,0.00006356
2.98614502,0.00007558
2.98767090,0.00015016
2.98919678,0.00020007
2.99072266,0.00021302
2.99224854,0.00021256
2.99377441,0.00019777
2.99530029,0.00049162
2.99682617,0.00161743
2.99835205,0.00253405
2.99987793,0.00263327
3.00140381,0.00254185
3.00292969,0.00184349
3.00445557,0.00062283
3.00598145,0.00016014
3.00750732,0.00024164
3.00903320,0.00029825
3.01055908,0.00032349
3.01208496,0.00037315
3.01361084,0.00040639
3.01513672,0.00042734
3.01666260,0.00042404
3.01818848,0.00035509
3.01971436,0.00027840
3.02124023,0.00023600
3.02276611,0.00020317
3.02429199,0.00019206
3.02581787,0.00020756
3.02734375,0.00021169
3.02886963,0.00021086
3.03039551,0.00020263
3.03192139,0.00019573
3.03344727,0.00020121
3.03497314,0.00016738
3.03649902,0.00008471
3.03802490,0.00007874
3.03955078,0.00013549
3.04107666,0.00009862
3.04260254,0.00005986
3.04412842,0.00010686
3.04565430,0.00016729
3.04718018,0.00016759
3.04870605,0.00009089
3.05023193,0.00001010
3.05175781,0.00006190
3.05328369,0.00007465
3.05480957,0.00005552
3.05633545,0.00001980
3.05786133,0.00008111
3.05938721,0.00013594
3.06091309,0.00015465
3.06243896,0.00015515
3.06396484,0.00012757
3.06549072,0.00017039
3.06701660,0.00018412
3.06854248,0.00016799
3.07006836,0.00017603
3.07159424,0.00018084
3.07312012,0.00018074
3.07464600,0.00014315
3.07617188,0.00012098
3.07769775,0.00012530
3.07922363,0.00010625
3.08074951,0.00005301
3.08227539,0.00005003
3.08380127,0.00012593
3.08532715,0.00017874
3.08685303,0.00021914
3.08837891,0.00023384
3.08990479,0.00019287
3.09143066,0.00016944
3.09295654,0.00019149
3.09448242,0.00021140
3.09600830,0.00022802
3.09753418,0.00020680
3.09906006,0.00020324
3.10058594,0.00022370
3.10211182,0.00022154
3.10363770,0.00022111
3.10516357,0.00017924
3.10668945,0.00005269
3.10821533,0.00014599
3.10974121,0.00019760
3.11126709,0.00022492
3.11279297,0.00020260
3.11431885,0.00014972
3.11584473,0.00009595
3.11737061,0.00006563
3.11889648,0.00005227
3.12042236,0.00003843
3.12194824,0.00004180
3.12347412,0.00002514
3.12500000,0.00005609
3.12652588,0.00002242
3.12805176,0.00007123
3.12957764,0.00015724
3.13110352,0.00021589
3.13262939,0.00024615
3.13415527,0.00025523
3.13568115,0.00025717
3.13720703,0.00028971
3.13873291,0.00030012
3.14025879,0.00027520
3.14178467,0.00018894
3.14331055,0.00006029
3.14483643,0.00010336
3.14636230,0.00019308
3.14788818,0.00021999
3.14941406,0.00020033
3.15093994,0.00017476
3.15246582,0.00018228
3.15399170,0.00026228
3.15551758,0.00033075
3.15704346,0.00035946
3.15856934,0.00032027
3.16009521,0.00023506
3.16162109,0.00012831
3.16314697,0.00026665
3.16467285,0.00038072
3.16619873,0.00034523
3.16772461,0.00033297
3.16925049,0.00030219
3.17077637,0.00021415
3.17230225,0.00015030
3.17382813,0.00006630
3.17535400,0.00009553
3.17687988,0.00020847
3.17840576,0.00026731
3.17993164,0.00025037
3.18145752,0.00018220
3.18298340,0.00010566
3.18450928,0.00014896
3.18603516,0.00018968
3.18756104,0.00014729
3.18908691,0.00010844
3.19061279,0.00005848
3.19213867,0.00004798
3.19366455,0.00005295
3.19519043,0.00006757
3.19671631,0.00005957
3.19824219,0.00005755
3.19976807,0.00009412
3.20129395,0.00012682
3.20281982,0.00014426
3.20434570,0.00015339
3.20587158,0.00010765
3.20739746,0.00001631
3.20892334,0.00004751
3.21044922,0.00003878
3.21197510,0.00000497
3.21350098,0.00001536
3.21502686,0.00003198
3.21655273,0.00002732
3.21807861,0.00004451
3.21960449,0.00008877
3.22113037,0.00010908
3.22265625,0.00008544
3.22418213,0.00003905
3.22570801,0.00004104
3.22723389,0.00006177
3.22875977,0.00001786
3.23028564,0.00005897
3.23181152,0.00007371
3.23333740,0.00010383
3.23486328,0.00015882
3.23638916,0.00020319
3.23791504,0.00026248
3.23944092,0.00028993
3.24096680,0.00023691
3.24249268,0.00014185
3.24401855,0.00006166
3.24554443,0.00014664
3.24707031,0.00022642
3.24859619,0.00020360
3.25012207,0.00014396
3.25164795,0.00010408
3.25317383,0.00009720
3.25469971,0.00006965
3.25622559,0.00014993
3.25775146,0.00019358
3.25927734,0.00023211
3.26080322,0.00028744
3.26232910,0.00025147
3.26385498,0.00022240
3.26538086,0.00025525
3.26690674,0.00028103
3.26843262,0.00026631
3.26995850,0.00027175
3.27148438,0.00028121
3.27301025,0.00023936
3.27453613,0.00016303
3.27606201,0.00012338
3.27758789,0.00010213
3.27911377,0.00010587
3.28063965,0.00016864
3.28216553,0.00022112
3.28369141,0.00023788
3.28521729,0.00020851
3.28674316,0.00014519
3.28826904,0.00014468
3.28979492,0.00019039
3.29132080,0.00019935
3.29284668,0.00018440
3.29437256,0.00013510
3.29589844,0.00010357
3.29742432,0.00008525
3.29895020,0.00003599
3.30047607,0.00003836
3.30200195,0.00003806
3.30352783,0.00014770
3.30505371,0.00029390
3.30657959,0.00037147
3.30810547,0.00038852
3.30963135,0.00034122
3.31115723,0.00025034
3.31268311,0.00016426
3.31420898,0.00012980
3.31573486,0.00015879
3.31726074,0.00020025
3.31878662,0.00021200
3.32031250,0.00021567
3.32183838,0.00018879
3.32336426,0.00008499
3.32489014,0.00008648
3.32641602,0.00026523
3.32794189,0.00045441
3.32946777,0.00109843
3.33099365,0.00207735
3.33251953,0.00239071
3.33404541,0.00231435
3.33557129,0.00200858
3.33709717,0.00103325
3.33862305,0.00018234
3.34014893,0.00008543
3.34167480,0.00012010
3.34320068,0.00010261
3.34472656,0.00007056
3.34625244,0.00007031
3.34777832,0.00021348
3.34930420,0.00028444
3.35083008,0.00028216
3.35235596,0.00026841
3.35388184,0.00023294
3.35540771,0.00019686
3.35693359,0.00015949
3.35845947,0.00017048
3.35998535,0.00019775
3.36151123,0.00018452
3.36303711,0.00017602
3.36456299,0.00016301
3.36608887,0.00013210
3.36761475,0.00009352
3.36914063,0.00005097
3.37066650,0.00003624
3.37219238,0.00002744
3.37371826,0.00005888
3.37524414,0.00012015
3.37677002,0.00015575
3.37829590,0.00018596
3.37982178,0.00015398
3.38134766,0.00007415
3.38287354,0.00006979
3.38439941,0.00007357
3.38592529,0.00011932
3.38745117,0.00019252
3.38897705,0.00024726
3.39050293,0.00025402
3.39202881,0.00016309
3.39355469,0.00011761
3.39508057,0.00017396
3.39660645,0.00017521
3.39813232,0.00012759
3.39965820,0.00014440
3.40118408,0.00017105
3.40270996,0.00012757
3.40423584,0.00013967
3.40576172,0.00011981
3.40728760,0.00010390
3.40881348,0.00019667
3.41033936,0.00023610
3.41186523,0.00015771
3.41339111,0.00004323
3.41491699,0.00003931
3.41644287,0.00010060
3.41796875,0.00008937
3.41949463,0.00004158
3.42102051,0.00011603
3.42254639,0.00015241
3.42407227,0.00014850
3.42559814,0.00013994
3.42712402,0.00009259
3.42864990,0.00004720
3.43017578,0.00008670
3.43170166,0.00011765
3.43322754,0.00013661
3.43475342,0.00015723
3.43627930,0.00013312
3.43780518,0.00010330
3.43933105,0.00010122
3.44085693,0.00017922
3.44238281,0.00018267
3.44390869,0.00015375
3.44543457,0.00017521
3.44696045,0.00016606
3.44848633,0.00012205
3.45001221,0.00008602
3.45153809,0.00012662
3.45306396,0.00018380
3.45458984,0.00017529
3.45611572,0.00008391
3.45764160,0.00002213
3.45916748,0.00009207
3.46069336,0.00017344
3.46221924,0.00022419
3.46374512,0.00024229
3.46527100,0.00023181
3.46679688,0.00022418
3.46832275,0.00024133
3.46984863,0.00023981
3.47137451,0.00019377
3.47290039,0.00010045
3.47442627,0.00001070
3.47595215,0.00010346
3.47747803,0.00017433
3.47900391,0.00020525
3.48052979,0.00024101
3.48205566,0.00029750
3.48358154,0.00031277
3.48510742,0.00024296
3.48663330,0.00013974
3.48815918,0.00008025
3.48968506,0.00010897
3.49121094,0.00013011
3.49273682,0.00012571
3.49426270,0.00014715
3.49578857,0.00028673
3.49731445,0.00038550
3.49884033,0.00038348
3.50036621,0.00031472
3.50189209,0.00021269
3.50341797,0.00016322
3.50494385,0.00018320
3.50646973,0.00018293
3.50799561,0.00013166
3.50952148,0.00009532
3.51104736,0.00012780
3.51257324,0.00014739
3.51409912,0.00014340
3.51562500,0.00014871
3.51715088,0.00018406
3.51867676,0.00019048
3.52020264,0.00020173
3.52172852,0.00018138
3.52325439,0.00014792
3.52478027,0.00015713
3.52630615,0.00014415
3.52783203,0.00012452
3.52935791,0.00012771
3.53088379,0.00015258
3.53240967,0.00023138
3.53393555,0.00026892
3.53546143,0.00026438
3.53698730,0.00028299
3.53851318,0.00028907
3.54003906,0.00024787
3.54156494,0.00021142
3.54309082,0.00022735
3.54461670,0.00021310
3.54614258,0.00019204
3.54766846,0.00019108
3.54919434,0.00015841
3.55072021,0.00014810
3.55224609,0.00013623
3.55377197,0.00017018
3.55529785,0.00023649
3.55682373,0.00030554
3.55834961,0.00035700
3.55987549,0.00036775
3.56140137,0.00035953
3.56292725,0.00035985
3.56445313,0.00033140
3.56597900,0.00027140
3.56750488,0.00022404
3.56903076,0.00019529
3.57055664,0.00016180
3.57208252,0.00012735
3.57360840,0.00010871
3.57513428,0.00013849
3.57666016,0.00017576
3.57818604,0.00019048
3.57971191,0.00017919
3.58123779,0.00014903
3.58276367,0.00011316
3.58428955,0.00008137
3.58581543,0.00008846
3.58734131,0.00011215
3.58886719,0.00013388
3.59039307,0.00012124
3.59191895,0.00004975
3.59344482,0.00009492
3.59497070,0.00014555
3.59649658,0.00014384
3.59802246,0.00011791
3.59954834,0.00009998
3.60107422,0.00011153
3.60260010,0.00013005
3.60412598,0.00006262
3.60565186,0.00002042
3.60717773,0.00009593
3.60870361,0.00020938
3.61022949,0.00028703
3.61175537,0.00033030
3.61328125,0.00033767
3.61480713,0.00029892
3.61633301,0.00024575
3.61785889,0.00020625
3.61938477,0.00018933
3.62091064,0.00015777
3.62243652,0.00011824
3.62396240,0.00010092
3.62548828,0.00005171
3.62701416,0.00002672
3.62854004,0.00004957
3.63006592,0.00006540
3.63159180,0.00009072
3.63311768,0.00005888
3.63464355,0.00006567
3.63616943,0.00011545
3.63769531,0.00015045
3.63922119,0.00018129
3.64074707,0.00016494
3.64227295,0.00011982
3.64379883,0.00005883
3.64532471,0.00008986
3.64685059,0.00019592
3.64837646,0.00016205
3.64990234,0.00012401
3.65142822,0.00010643
3.65295410,0.00006746
3.65447998,0.00004291
3.65600586,0.00011585
3.65753174,0.00018047
3.65905762,0.00019484
3.66058350,0.00019872
3.66210938,0.00045849
3.66363525,0.00154307
3.66516113,0.00239269
3.66668701,0.00253817
3.66821289,0.00244665
3.66973877,0.00162357
3.67126465,0.00039610
3.67279053,0.00018789
3.67431641,0.00027133
3.67584229,0.00026247
3.67736816,0.00022160
3.67889404,0.00019041
3.68041992,0.00019609
3.68194580,0.00013109
3.68347168,0.00006851
3.68499756,0.00013789
3.68652344,0.00024227
3.68804932,0.00035828
3.68957520,0.00040231
3.69110107,0.00034458
3.69262695,0.00022631
3.69415283,0.00007803
3.69567871,0.00007831
3.69720459,0.00015053
3.69873047,0.00016396
3.70025635,0.00009728
3.70178223,0.00004229
3.70330811,0.00000719
3.70483398,0.00008479
3.70635986,0.00018781
3.70788574,0.00025306
3.70941162,0.00022336
3.71093750,0.00018993
3.71246338,0.00014387
3.71398926,0.00009016
3.71551514,0.00008101
3.71704102,0.00010045
3.71856689,0.00011464
3.72009277,0.00009080
3.72161865,0.00006827
3.72314453,0.00009840
3.72467041,0.00012252
3.72619629,0.00010809
3.72772217,0.00011826
3.72924805,0.00005438
3.73077393,0.00005356
3.73229980,0.00010898
3.73382568,0.00016100
3.73535156,0.00015566
3.73687744,0.00006703
3.73840332,0.00003511
3.73992920,0.00014653
3.74145508,0.00025039
3.74298096,0.00027074
3.74450684,0.00019569
3.74603271,0.00012009
3.74755859,0.00010993
3.74908447,0.00015731
3.75061035,0.00014652
3.75213623,0.00009937
3.75366211,0.00008859
3.75518799,0.00012353
3.75671387,0.00013331
3.75823975,0.00018645
3.75976563,0.00022671
3.76129150,0.00022546
3.76281738,0.00016034
3.76434326,0.00015254
3.76586914,0.00026435
3.76739502,0.00032147
3.76892090,0.00031553
3.77044678,0.00027129
3.77197266,0.00023648
3.77349854,0.00014912
3.77502441,0.00003727
3.77655029,0.00013309
3.77807617,0.00023787
3.77960205,0.00025817
3.78112793,0.00020013
3.78265381,0.00011118
3.78417969,0.00003979
3.78570557,0.00002894
3.78723145,0.00003702
3.78875732,0.00004245
3.79028320,0.00006292
3.79180908,0.00008374
3.79333496,0.00009559
3.79486084,0.00007448
3.79638672,0.00001817
3.79791260,0.00006062
3.79943848,0.00011034
3.80096436,0.00018299
3.80249023,0.00023475
3.80401611,0.00021973
3.80554199,0.00018625
3.80706787,0.00010548
3.80859375,0.00006525
3.81011963,0.00016991
3.81164551,0.00026123
3.81317139,0.00032073
3.81469727,0.00032279
3.81622314,0.00031069
3.81774902,0.00025187
3.81927490,0.00017198
3.82080078,0.00021123
3.82232666,0.00030044
3.82385254,0.00032096
3.82537842,0.00031185
3.82690430,0.00027473
3.82843018,0.00022735
3.82995605,0.00032983
3.83148193,0.00044676
3.83300781,0.00046437
3.83453369,0.00051449
3.83605957,0.00052685
3.83758545,0.00043545
3.83911133,0.00040072
3.84063721,0.00044342
3.84216309,0.00039759
3.84368896,0.00026235
3.84521484,0.00018481
3.84674072,0.00019850
3.84826660,0.00018703
3.84979248,0.00022291
3.85131836,0.00017879
3.85284424,0.00008713
3.85437012,0.00008166
3.85589600,0.00009206
3.85742188,0.00010188
3.85894775,0.00010077
3.86047363,0.00009088
3.86199951,0.00010686
3.86352539,0.00009187
3.86505127,0.00009439
3.86657715,0.00018162
3.86810303,0.00029449
3.86962891,0.00032304
3.87115479,0.00024075
3.87268066,0.00013069
3.87420654,0.00004409
3.87573242,0.00010459
3.87725830,0.00019434
3.87878418,0.00018307
3.88031006,0.00010479
3.88183594,0.00005084
3.88336182,0.00010127
3.88488770,0.00019488
3.88641357,0.00015628
3.88793945,0.00009349
3.88946533,0.00012656
3.89099121,0.00010538
3.89251709,0.00009774
3.89404297,0.00014803
3.89556885,0.00017391
3.89709473,0.00022883
3.89862061,0.00027435
3.90014648,0.00026510
3.90167236,0.00028214
3.90319824,0.00031978
3.90472412,0.00032217
3.90625000,0.00035195
3.90777588,0.00035027
3.90930176,0.00024065
3.91082764,0.00012380
3.91235352,0.00008553
3.91387939,0.00005444
3.91540527,0.00002569
3.91693115,0.00012505
3.91845703,0.00025047
3.91998291,0.00036139
3.92150879,0.00041036
3.92303467,0.00043876
3.92456055,0.00046569
3.92608643,0.00040273
3.92761230,0.00029127
3.92913818,0.00019466
3.93066406,0.00012908
3.93218994,0.00018514
3.93371582,0.00020440
3.93524170,0.00013465
3.93676758,0.00008537
3.93829346,0.00015689
3.93981934,0.00022573
3.94134521,0.00018814
3.94287109,0.00007853
3.94439697,0.00002502
3.94592285,0.00009820
3.94744873,0.00017690
3.94897461,0.00022635
3.95050049,0.00022616
3.95202637,0.00019495
3.95355225,0.00019295
3.95507813,0.00019214
3.95660400,0.00016663
3.95812988,0.00014424
3.95965576,0.00010758
3.96118164,0.00004056
3.96270752,0.00012647
3.96423340,0.00016172
3.96575928,0.00014095
3.96728516,0.00012737
3.96881104,0.00016126
3.97033691,0.00018642
3.97186279,0.00017399
3.97338867,0.00011885
3.97491455,0.00005661
3.97644043,0.00002184
3.97796631,0.00008358
3.97949219,0.00017763
3.98101807,0.00020695
3.98254395,0.00020633
3.98406982,0.00021636
3.98559570,0.00022879
3.98712158,0.00031720
3.98864746,0.00043460
3.99017334,0.00044746
3.99169922,0.00040355
3.99322510,0.00033050
3.99475098,0.00017093
3.99627686,0.00052546
3.99780273,0.00122383
3.99932861,0.00147958
4.00085449,0.00153527
4.00238037,0.00136811
4.00390625,0.00074088
4.00543213,0.00029160
4.00695801,0.00017665
4.00848389,0.00013218
4.01000977,0.00014425
4.01153564,0.00018432
4.01306152,0.00017620
4.01458740,0.00011339
4.01611328,0.00004142
4.01763916,0.00006082
4.01916504,0.00009477
4.02069092,0.00012563
4.02221680,0.00016718
4.02374268,0.00019467
4.02526855,0.00020270
4.02679443,0.00017458
4.02832031,0.00012554
4.02984619,0.00017889
4.03137207,0.00020666
4.03289795,0.00017223
4.03442383,0.00008750
4.03594971,0.00015748
4.03747559,0.00017223
4.03900146,0.00014712
4.04052734,0.00011021
4.04205322,0.00006130
4.04357910,0.00004675
4.04510498,0.00005337
4.04663086,0.00013408
4.04815674,0.00019397
4.04968262,0.00020640
4.05120850,0.00016379
4.05273438,0.00010052
4.05426025,0.00018632
4.05578613,0.00030488
4.05731201,0.00033574
4.05883789,0.00025622
4.06036377,0.00016179
4.06188965,0.00009872
4.06341553,0.00007856
4.06494141,0.00010298
4.06646729,0.00013651
4.06799316,0.00016600
4.06951904,0.00016456
4.07104492,0.00011343
4.07257080,0.00006613
4.07409668,0.00006555
4.07562256,0.00010658
4.07714844,0.00009614
4.07867432,0.00009023
4.08020020,0.00012289
4.08172607,0.00014644
4.08325195,0.00016189
4.08477783,0.00012043
4.08630371,0.00004901
4.08782959,0.00009926
4.08935547,0.00017544
4.09088135,0.00021774
4.09240723,0.00017873
4.09393311,0.00013946
4.09545898,0.00011189
4.09698486,0.00010160
4.09851074,0.00015502
4.10003662,0.00017855
4.10156250,0.00013730
4.10308838,0.00010316
4.10461426,0.00013153
4.10614014,0.00014906
4.10766602,0.00014551
4.10919189,0.00011776
4.11071777,0.00014593
4.11224365,0.00026737
4.11376953,0.00035506
4.11529541,0.00038263
4.11682129,0.00032027
4.11834717,0.00016587
4.11987305,0.00007578
4.12139893,0.00008257
4.12292480,0.00004832
4.12445068,0.00002015
4.12597656,0.00005052
4.12750244,0.00011769
4.12902832,0.00014154
4.13055420,0.00014172
4.13208008,0.00021051
4.13360596,0.00029756
4.13513184,0.00035863
4.13665771,0.00036091
4.13818359,0.00029741
4.13970947,0.00020114
4.14123535,0.00013722
4.14276123,0.00011419
4.14428711,0.00016264
4.14581299,0.00017738
4.14733887,0.00014982
4.14886475,0.00015286
4.15039063,0.00018561
4.15191650,0.00019511
4.15344238,0.00019580
4.15496826,0.00018814
4.15649414,0.00010813
4.15802002,0.00008069
4.15954590,0.00012926
4.16107178,0.00012385
4.16259766,0.00014845
4.16412354,0.00030276
4.16564941,0.00032569
4.16717529,0.00026306
4.16870117,0.00017257
4.17022705,0.00014568
4.17175293,0.00026900
4.17327881,0.00031184
4.17480469,0.00036104
4.17633057,0.00040168
4.17785645,0.00032155
4.17938232,0.00025586
4.18090820,0.00024505
4.18243408,0.00015206
4.18395996,0.00007334
4.18548584,0.00006183
4.18701172,0.00001682
4.18853760,0.00000721
4.19006348,0.00004953
4.19158936,0.00008876
4.19311523,0.00012551
4.19464111,0.00014666
4.19616699,0.00013241
4.19769287,0.00012263
4.19921875,0.00013537
4.20074463,0.00018412
4.20227051,0.00023537
4.20379639,0.00024023
4.20532227,0.00021969
4.20684814,0.00020042
4.20837402,0.00016067
4.20989990,0.00013431
4.21142578,0.00008891
4.21295166,0.00001217
4.21447754,0.00005280
4.21600342,0.00009671
4.21752930,0.00010645
4.21905518,0.00007105
4.22058105,0.00003130
4.22210693,0.00007645
4.22363281,0.00014721
4.22515869,0.00023643
4.22668457,0.00029052
4.22821045,0.00028914
4.22973633,0.00027648
4.23126221,0.00026640
4.23278809,0.00025590
4.23431396,0.00024357
4.23583984,0.00018076
4.23736572,0.00011741
4.23889160,0.00006894
4.24041748,0.00002529
4.24194336,0.00005823
4.24346924,0.00012209
4.24499512,0.00018399
4.24652100,0.00016611
4.24804688,0.00006007
4.24957275,0.00002933
4.25109863,0.00004386
4.25262451,0.00007172
4.25415039,0.00009231
4.25567627,0.00017316
4.25720215,0.00025128
4.25872803,0.00027403
4.26025391,0.00028482
4.26177979,0.00027704
4.26330566,0.00026677
4.26483154,0.00022756
4.26635742,0.00017453
4.26788330,0.00012477
4.26940918,0.00008097
4.27093506,0.00005971
4.27246094,0.00007900
4.27398682,0.00006783
4.27551270,0.00006469
4.27703857,0.00007742
4.27856445,0.00010808
4.28009033,0.00008555
4.28161621,0.00006857
4.28314209,0.00010969
4.28466797,0.00009575
4.28619385,0.00005490
4.28771973,0.00005852
4.28924561,0.00011463
4.29077148,0.00009960
4.29229736,0.00010421
4.29382324,0.00011039
4.29534912,0.00010093
4.29687500,0.00011011
4.29840088,0.00011455
4.29992676,0.00008049
4.30145264,0.00005511
4.30297852,0.00015770
4.30450439,0.00023901
4.30603027,0.00025983
4.30755615,0.00027151
4.30908203,0.00027569
4.31060791,0.00026378
4.31213379,0.00021738
4.31365967,0.00016515
4.31518555,0.00009905
4.31671143,0.00010335
4.31823730,0.00017220
4.31976318,0.00014931
4.32128906,0.00014637
4.32281494,0.00017967
4.32434082,0.00020356
4.32586670,0.00018705
4.32739258,0.00011010
4.32891846,0.00022249
4.33044434,0.00075735
4.33197021,0.00111437
4.33349609,0.00115988
4.33502197,0.00114344
4.33654785,0.00080254
4.33807373,0.00031537
4.33959961,0.00009920
4.34112549,0.00009052
4.34265137,0.00023883
4.34417725,0.00033703
4.34570313,0.00033825
4.34722900,0.00027187
4.34875488,0.00017886
4.35028076,0.00011250
4.35180664,0.00007216
4.35333252,0.00004987
4.35485840,0.00007559
4.35638428,0.00009835
4.35791016,0.00006925
4.35943604,0.00004481
4.36096191,0.00006915
4.36248779,0.00018579
4.36401367,0.00026591
4.36553955,0.00025286
4.36706543,0.00019475
4.36859131,0.00013148
4.37011719,0.00013188
4.37164307,0.00017423
4.37316895,0.00014791
4.37469482,0.00010522
4.37622070,0.00012873
4.37774658,0.00016369
4.37927246,0.00017757
4.38079834,0.00014310
4.38232422,0.00008089
4.38385010,0.00007257
4.38537598,0.00011135
4.38690186,0.00011205
4.38842773,0.00008474
4.38995361,0.00003927
4.39147949,0.00003472
4.39300537,0.00008171
4.39453125,0.00016633
4.39605713,0.00020825
4.39758301,0.00019477
4.39910889,0.00021117
4.40063477,0.00021665
4.40216064,0.00024310
4.40368652,0.00028596
4.40521240,0.00027577
4.40673828,0.00023884
4.40826416,0.00017029
4.40979004,0.00014268
4.41131592,0.00021008
4.41284180,0.00027425
4.41436768,0.00028261
4.41589355,0.00026098
4.41741943,0.00018410
4.41894531,0.00006747
4.42047119,0.00006601
4.42199707,0.00010825
4.42352295,0.00012526
4.42504883,0.00014067
4.42657471,0.00016966
4.42810059,0.00020515
4.42962646,0.00022515
4.43115234,0.00024814
4.43267822,0.00022363
4.43420410,0.00016431
4.43572998,0.00010256
4.43725586,0.00010589
4.43878174,0.00010570
4.44030762,0.00003207
4.44183350,0.00003428
4.44335938,0.00001385
4.44488525,0.00008141
4.44641113,0.00017545
4.44793701,0.00021163
4.44946289,0.00017575
4.45098877,0.00010492
4.45251465,0.00004384
4.45404053,0.00004094
4.45556641,0.00005535
4.45709229,0.00012951
4.45861816,0.00016304
4.46014404,0.00013550
4.46166992,0.00011603
4.46319580,0.00013152
4.46472168,0.00012629
4.46624756,0.00016446
4.46777344,0.00022278
4.46929932,0.00025955
4.47082520,0.00021594
4.47235107,0.00010924
4.47387695,0.00008232
4.47540283,0.00022436
4.47692871,0.00025356
4.47845459,0.00025264
4.47998047,0.00023927
4.48150635,0.00022249
4.48303223,0.00023706
4.48455811,0.00023954
4.48608398,0.00019650
4.48760986,0.00016271
4.48913574,0.00021770
4.49066162,0.00029845
4.49218750,0.00034710
4.49371338,0.00034651
4.49523926,0.00032650
4.49676514,0.00039034
4.49829102,0.00038408
4.49981689,0.00029673
4.50134277,0.00028394
4.50286865,0.00030071
4.50439453,0.00029408
4.50592041,0.00032639
4.50744629,0.00037249
4.50897217,0.00034583
4.51049805,0.00025775
4.51202393,0.00020907
4.51354980,0.00023025
4.51507568,0.00017891
4.51660156,0.00009586
4.51812744,0.00007935
4.51965332,0.00010237
4.52117920,0.00013747
4.52270508,0.00008199
4.52423096,0.00010236
4.52575684,0.00018651
4.52728271,0.00026609
4.52880859,0.00031751
4.53033447,0.00030085
4.53186035,0.00022023
4.53338623,0.00016345
4.53491211,0.00023305
4.53643799,0.00023684
4.53796387,0.00022460
4.53948975,0.00023316
4.54101563,0.00019862
4.54254150,0.00018001
4.54406738,0.00017324
4.54559326,0.00012515
4.54711914,0.00006681
4.54864502,0.00009657
4.55017090,0.00011808
4.55169678,0.00011975
4.55322266,0.00008312
4.55474854,0.00008125
4.55627441,0.00015281
4.55780029,0.00014502
4.55932617,0.00008141
4.56085205,0.00003735
4.56237793,0.00008246
4.56390381,0.00010439
4.56542969,0.00008303
4.56695557,0.00005419
4.56848145,0.00013138
4.57000732,0.00018961
4.57153320,0.00022619
4.57305908,0.00026672
4.57458496,0.00025876
4.57611084,0.00024447
4.57763672,0.00023925
4.57916260,0.00023632
4.58068848,0.00020381
4.58221436,0.00013940
4.58374023,0.00005943
4.58526611,0.00003857
4.58679199,0.00007893
4.58831787,0.00007778
4.58984375,0.00008879
4.59136963,0.00010587
4.59289551,0.00012616
4.59442139,0.00010651
4.59594727,0.00012413
4.59747314,0.00013979
4.59899902,0.00016015
4.60052490,0.00018526
4.60205078,0.00011588
4.60357666,0.00005543
4.60510254,0.00014159
4.60662842,0.00022456
4.60815430,0.00026179
4.60968018,0.00023292
4.61120605,0.00016297
4.61273193,0.00010387
4.61425781,0.00010145
4.61578369,0.00014311
4.61730957,0.00011095
4.61883545,0.00004561
4.62036133,0.00003609
4.62188721,0.00011706
4.62341309,0.00018299
4.62493896,0.00019758
4.62646484,0.00022203
4.62799072,0.00024151
4.62951660,0.00024949
4.63104248,0.00023841
4.63256836,0.00021152
4.63409424,0.00016108
4.63562012,0.00009881
4.63714600,0.00005772
4.63867188,0.00007754
4.64019775,0.00010875
4.64172363,0.00013315
4.64324951,0.00014655
4.64477539,0.00018225
4.64630127,0.00020833
4.64782715,0.00025654
4.64935303,0.00024044
4.65087891,0.00012378
4.65240479,0.00007656
4.65393066,0.00009373
4.65545654,0.00009680
4.65698242,0.00005126
4.65850830,0.00002184
4.66003418,0.00010782
4.66156006,0.00014796
4.66308594,0.00025806
4.66461182,0.00065360
4.66613770,0.00080847
4.66766357,0.00084507
4.66918945,0.00069694
4.67071533,0.00028569
4.67224121,0.00002835
4.67376709,0.00001276
4.67529297,0.00002702
4.67681885,0.00006736
4.67834473,0.00010937
4.67987061,0.00013056
4.68139648,0.00011732
4.68292236,0.00014948
4.68444824,0.00021494
4.68597412,0.00022492
4.68750000,0.00017823
4.68902588,0.00018691
4.69055176,0.00017226
4.69207764,0.00009393
4.69360352,0.00004229
4.69512939,0.00007786
4.69665527,0.00010433
4.69818115,0.00011111
4.69970703,0.00008253
4.70123291,0.00007200
4.70275879,0.00009866
4.70428467,0.00013911
4.70581055,0.00017289
4.70733643,0.00020880
4.70886230,0.00021022
4.71038818,0.00017919
4.71191406,0.00015395
4.71343994,0.00013345
4.71496582,0.00013917
4.71649170,0.00016532
4.71801758,0.00016050
4.71954346,0.00015615
4.72106934,0.00015268
4.72259521,0.00016655
4.72412109,0.00015601
4.72564697,0.00013591
4.72717285,0.00012511
4.72869873,0.00009179
4.73022461,0.00006933
4.73175049,0.00009877
4.73327637,0.00013083
4.73480225,0.00016701
4.73632813,0.00013980
4.73785400,0.00005007
4.73937988,0.00008824
4.74090576,0.00024538
4.74243164,0.00036871
4.74395752,0.00038918
4.74548340,0.00031618
4.74700928,0.00024097
4.74853516,0.00016512
4.75006104,0.00015786
4.75158691,0.00018323
4.75311279,0.00014194
4.75463867,0.00013851
4.75616455,0.00012116
4.75769043,0.00011419
4.75921631,0.00012483
4.76074219,0.00010533
4.76226807,0.00014307
4.76379395,0.00022433
4.76531982,0.00025286
4.76684570,0.00021555
4.76837158,0.00014205
4.76989746,0.00006766
4.77142334,0.00006944
4.77294922,0.00006470
4.77447510,0.00006522
4.77600098,0.00009202
4.77752686,0.00009994
4.77905273,0.00006368
4.78057861,0.00007098
4.78210449,0.00011964
4.78363037,0.00017686
4.78515625,0.00022865
4.78668213,0.00025822
4.78820801,0.00023712
4.78973389,0.00017984
4.79125977,0.00018486
4.79278564,0.00021405
4.79431152,0.00022697
4.79583740,0.00026536
4.79736328,0.00026756
4.79888916,0.00019541
4.80041504,0.00014124
4.80194092,0.00019546
4.80346680,0.00024477
4.80499268,0.00025798
4.80651855,0.00022865
4.80804443,0.00014775
4.80957031,0.00021191
4.81109619,0.00031481
4.81262207,0.00033031
4.81414795,0.00033484
4.81567383,0.00030982
4.81719971,0.00023959
4.81872559,0.00020438
4.82025146,0.00018433
4.82177734,0.00017710
4.82330322,0.00017618
4.82482910,0.00011970
4.82635498,0.00008052
4.82788086,0.00010680
4.82940674,0.00016357
4.83093262,0.00031037
4.83245850,0.00046764
4.83398438,0.00054272
4.83551025,0.00050251
4.83703613,0.00036251
4.83856201,0.00024711
4.84008789,0.00024468
4.84161377,0.00029510
4.84313965,0.00031538
4.84466553,0.00026401
4.84619141,0.00016638
4.84771729,0.00005169
4.84924316,0.00010919
4.85076904,0.00011974
4.85229492,0.00014547
4.85382080,0.00020088
4.85534668,0.00019126
4.85687256,0.00018871
4.85839844,0.00016656
4.85992432,0.00011844
4.86145020,0.00020875
4.86297607,0.00034136
4.86450195,0.00040526
4.86602783,0.00037792
4.86755371,0.00025390
4.86907959,0.00010406
4.87060547,0.00014221
4.87213135,0.00020834
4.87365723,0.00024207
4.87518311,0.00015329
4.87670898,0.00003322
4.87823486,0.00005760
4.87976074,0.00008527
4.88128662,0.00008673
4.88281250,0.00007297
4.88433838,0.00007189
4.88586426,0.00009601
4.88739014,0.00010669
4.88891602,0.00009824
4.89044189,0.00008911
4.89196777,0.00006442
4.89349365,0.00000815
4.89501953,0.00007332
4.89654541,0.00010241
4.89807129,0.00011344
4.89959717,0.00006299
4.90112305,0.00003962
4.90264893,0.00011463
4.90417480,0.00013429
4.90570068,0.00017328
4.90722656,0.00022730
4.90875244,0.00027007
4.91027832,0.00032890
4.91180420,0.00036128
4.91333008,0.00034128
4.91485596,0.00029585
4.91638184,0.00026055
4.91790771,0.00022667
4.91943359,0.00016937
4.92095947,0.00011460
4.92248535,0.00005664
4.92401123,0.00008079
4.92553711,0.00009507
4.92706299,0.00010212
4.92858887,0.00015892
4.93011475,0.00018022
4.93164063,0.00017760
4.93316650,0.00017378
4.93469238,0.00010269
4.93621826,0.00007121
4.93774414,0.00008442
4.93927002,0.00012411
4.94079590,0.00018979
4.94232178,0.00019958
4.94384766,0.00013355
4.94537354,0.00003585
4.94689941,0.00008525
4.94842529,0.00013298
4.94995117,0.00014190
4.95147705,0.00017926
4.95300293,0.00022459
4.95452881,0.00025418
4.95605469,0.00024532
4.95758057,0.00022369
4.95910645,0.00022502
4.96063232,0.00015815
4.96215820,0.00008804
4.96368408,0.00006295
4.96520996,0.00012237
4.96673584,0.00022888
4.96826172,0.00028385
4.96978760,0.00028475
4.97131348,0.00021854
4.97283936,0.00015584
4.97436523,0.00011608
4.97589111,0.00014282
4.97741699,0.00016980
4.97894287,0.00009743
4.98046875,0.00002291
4.98199463,0.00005333
4.98352051,0.00016704
4.98504639,0.00024330
4.98657227,0.00027966
4.98809814,0.00031365
4.98962402,0.00029880
4.99114990,0.00022560
4.99267578,0.00015895
4.99420166,0.00009641
4.99572754,0.00018044
4.99725342,0.00052572
4.99877930,0.00076024
5.00030518,0.00079444
5.00183105,0.00075393
5.00335693,0.00049167
5.00488281,0.00020471
5.00640869,0.00017373
5.00793457,0.00014938
5.00946045,0.00010304
5.01098633,0.00017755
5.01251221,0.00022002
5.01403809,0.00016144
5.01556396,0.00011104
5.01708984,0.00002121
5.01861572,0.00011019
5.02014160,0.00008278
5.02166748,0.00004484
5.02319336,0.00011315
5.02471924,0.00016369
5.02624512,0.00018187
5.02777100,0.00014967
5.02929688,0.00010741
5.03082275,0.00007497
5.03234863,0.00008278
5.03387451,0.00011818
5.03540039,0.00014049
5.03692627,0.00018668
5.03845215,0.00020956
5.03997803,0.00020212
5.04150391,0.00019717
5.04302979,0.00019715
5.04455566,0.00018020
5.04608154,0.00013907
5.04760742,0.00012748
5.04913330,0.00013520
5.05065918,0.00017308
5.05218506,0.00023083
5.05371094,0.00030596
5.05523682,0.00031166
5.05676270,0.00026940
5.05828857,0.00026565
5.05981445,0.00020376
5.06134033,0.00013838
5.06286621,0.00010604
5.06439209,0.00012013
5.06591797,0.00010340
5.06744385,0.00003103
5.06896973,0.00002086
5.07049561,0.00005235
5.07202148,0.00009376
5.07354736,0.00012732
5.07507324,0.00015558
5.07659912,0.00016847
5.07812500,0.00022834
5.07965088,0.00032413
5.08117676,0.00031740
5.08270264,0.00024799
5.08422852,0.00019649
5.08575439,0.00015965
5.08728027,0.00016898
5.08880615,0.00024505
5.09033203,0.00032232
5.09185791,0.00030594
5.09338379,0.00024121
5.09490967,0.00013731
5.09643555,0.00004463
5.09796143,0.00008778
5.09948730,0.00010015
5.10101318,0.00012808
5.10253906,0.00016028
5.10406494,0.00013209
5.10559082,0.00006953
5.10711670,0.00004436
5.10864258,0.00008481
5.11016846,0.00015319
5.11169434,0.00018931
5.11322021,0.00014235
5.11474609,0.00009217
5.11627197,0.00007023
5.11779785,0.00003264
5.11932373,0.00007424
5.12084961,0.00012357
5.12237549,0.00017198
5.12390137,0.00021454
5.12542725,0.00019868
5.12695313,0.00011580
5.12847900,0.00007431
5.13000488,0.00007733
5.13153076,0.00009898
5.13305664,0.00014433
5.13458252,0.00020164
5.13610840,0.00022197
5.13763428,0.00022074
5.13916016,0.00021975
5.14068604,0.00021510
5.14221191,0.00025617
5.14373779,0.00019099
5.14526367,0.00006893
5.14678955,0.00005832
5.14831543,0.00007538
5.14984131,0.00007383
5.15136719,0.00001919
5.15289307,0.00005947
5.15441895,0.00008314
5.15594482,0.00010299
5.15747070,0.00014405
5.15899658,0.00020324
5.16052246,0.00025042
5.16204834,0.00028614
5.16357422,0.00034004
5.16510010,0.00032173
5.16662598,0.00023049
5.16815186,0.00013547
5.16967773,0.00006727
5.17120361,0.00005151
5.17272949,0.00005724
5.17425537,0.00017929
5.17578125,0.00026013
5.17730713,0.00029557
5.17883301,0.00028063
5.18035889,0.00020345
5.18188477,0.00013284
5.18341064,0.00016481
5.18493652,0.00022097
5.18646240,0.00024727
5.18798828,0.00022887
5.18951416,0.00021192
5.19104004,0.00018623
5.19256592,0.00016060
5.19409180,0.00013239
5.19561768,0.00009533
5.19714355,0.00010270
5.19866943,0.00012345
5.20019531,0.00014337
5.20172119,0.00018066
5.20324707,0.00020853
5.20477295,0.00018843
5.20629883,0.00014794
5.20782471,0.00013654
5.20935059,0.00015627
5.21087646,0.00025809
5.21240234,0.00038909
5.21392822,0.00036189
5.21545410,0.00028465
5.21697998,0.00019488
5.21850586,0.00003585
5.22003174,0.00009419
5.22155762,0.00005349
5.22308350,0.00016939
5.22460938,0.00024230
5.22613525,0.00026658
5.22766113,0.00021443
5.22918701,0.00012797
5.23071289,0.00014326
5.23223877,0.00020465
5.23376465,0.00021143
5.23529053,0.00015098
5.23681641,0.00008786
5.23834229,0.00004181
5.23986816,0.00009351
5.24139404,0.00014025
5.24291992,0.00017281
5.24444580,0.00019013
5.24597168,0.00019635
5.24749756,0.00021187
5.24902344,0.00021854
5.25054932,0.00021688
5.25207520,0.00022655
5.25360107,0.00021465
5.25512695,0.00023005
5.25665283,0.00026620
5.25817871,0.00026234
5.25970459,0.00022002
5.26123047,0.00017899
5.26275635,0.00015905
5.26428223,0.00019232
5.26580811,0.00025549
5.26733398,0.00026892
5.26885986,0.00014975
5.27038574,0.00005656
5.27191162,0.00017722
5.27343750,0.00021132
5.27496338,0.00018477
5.27648926,0.00013308
5.27801514,0.00015277
5.27954102,0.00016967
5.28106689,0.00012296
5.28259277,0.00009545
5.28411865,0.00008794
5.28564453,0.00007606
5.28717041,0.00009611
5.28869629,0.00011400
5.29022217,0.00010143
5.29174805,0.00007435
5.29327393,0.00011290
5.29479980,0.00012818
5.29632568,0.00009938
5.29785156,0.00014193
5.29937744,0.00024815
5.30090332,0.00036752
5.30242920,0.00044107
5.30395508,0.00046323
5.30548096,0.00036712
5.30700684,0.00019567
5.30853271,0.00006123
5.31005859,0.00023259
5.31158447,0.00035094
5.31311035,0.00037255
5.31463623,0.00033666
5.31616211,0.00022364
5.31768799,0.00014258
5.31921387,0.00010926
5.32073975,0.00006697
5.32226563,0.00003937
5.32379150,0.00005414
5.32531738,0.00014455
5.32684326,0.00022193
5.32836914,0.00018722
5.32989502,0.00012554
5.33142090,0.00029863
5.33294678,0.00041916
5.33447266,0.00048600
5.33599854,0.00040149
5.33752441,0.00019016
5.33905029,0.00004850
5.34057617,0.00002638
5.34210205,0.00008127
5.34362793,0.00009766
5.34515381,0.00009477
5.34667969,0.00012346
5.34820557,0.00013112
5.34973145,0.00019483
5.35125732,0.00025521
5.35278320,0.00025330
5.35430908,0.00022618
5.35583496,0.00016504
5.35736084,0.00005797
5.35888672,0.00004873
5.36041260,0.00006449
5.36193848,0.00005669
5.36346436,0.00007059
5.36499023,0.00009583
5.36651611,0.00014620
5.36804199,0.00023639
5.36956787,0.00027412
5.37109375,0.00025620
5.37261963,0.00018199
5.37414551,0.00011101
5.37567139,0.00018572
5.37719727,0.00025641
5.37872314,0.00029434
5.38024902,0.00026233
5.38177490,0.00019882
5.38330078,0.00014219
5.38482666,0.00010645
5.38635254,0.00014213
5.38787842,0.00020160
5.38940430,0.00017940
5.39093018,0.00009702
5.39245605,0.00001486
5.39398193,0.00010076
5.39550781,0.00019933
5.39703369,0.00022142
5.39855957,0.00022664
5.40008545,0.00026242
5.40161133,0.00024545
5.40313721,0.00016877
5.40466309,0.00011241
5.40618896,0.00006646
5.40771484,0.00004793
5.40924072,0.00005542
5.41076660,0.00010262
5.41229248,0.00017339
5.41381836,0.00019697
5.41534424,0.00023064
5.41687012,0.00023930
5.41839600,0.00023284
5.41992188,0.00025554
5.42144775,0.00025450
5.42297363,0.00024716
5.42449951,0.00018131
5.42602539,0.00008911
5.42755127,0.00000036
5.42907715,0.00006728
5.43060303,0.00011735
5.43212891,0.00011408
5.43365479,0.00010022
5.43518066,0.00012040
5.43670654,0.00015721
5.43823242,0.00020401
5.43975830,0.00019311
5.44128418,0.00015131
5.44281006,0.00013517
5.44433594,0.00011476
5.44586182,0.00003879
5.44738770,0.00008533
5.44891357,0.00011929
5.45043945,0.00008524
5.45196533,0.00004247
5.45349121,0.00003157
5.45501709,0.00008768
5.45654297,0.00010583
5.45806885,0.00010319
5.45959473,0.00009957
5.46112061,0.00013005
5.46264648,0.00016346
5.46417236,0.00013135
5.46569824,0.00010785
5.46722412,0.00009951
5.46875000,0.00010350
5.47027588,0.00010552
5.47180176,0.00006140
5.47332764,0.00009899
5.47485352,0.00014601
5.47637939,0.00020149
5.47790527,0.00018148
5.47943115,0.00010220
5.48095703,0.00012644
5.48248291,0.00022643
5.48400879,0.00032348
5.48553467,0.00032133
5.48706055,0.00021286
5.48858643,0.00009541
5.49011230,0.00006736
5.49163818,0.00002635
5.49316406,0.00007987
5.49468994,0.00011825
5.49621582,0.00008700
5.49774170,0.00006884
5.49926758,0.00003963
5.50079346,0.00003649
5.50231934,0.00003746
5.50384521,0.00003222
5.50537109,0.00009456
5.50689697,0.00018213
5.50842285,0.00020714
5.50994873,0.00020673
5.51147461,0.00017050
5.51300049,0.00006549
5.51452637,0.00005329
5.51605225,0.00012388
5.51757813,0.00017591
5.51910400,0.00019604
5.52062988,0.00021061
5.52215576,0.00024476
5.52368164,0.00023303
5.52520752,0.00014337
5.52673340,0.00007421
5.52825928,0.00012025
5.52978516,0.00019302
5.53131104,0.00023944
5.53283691,0.00029505
5.53436279,0.00031194
5.53588867,0.00020904
5.53741455,0.00007614
5.53894043,0.00004201
5.54046631,0.00012517
5.54199219,0.00010471
5.54351807,0.00004281
5.54504395,0.00007322
5.54656982,0.00010582
5.54809570,0.00009828
5.54962158,0.00009434
5.55114746,0.00011204
5.55267334,0.00014306
5.55419922,0.00014658
5.55572510,0.00011496
5.55725098,0.00008449
5.55877686,0.00013040
5.56030273,0.00023283
5.56182861,0.00031681
5.56335449,0.00038475
5.56488037,0.00043617
5.56640625,0.00042905
5.56793213,0.00034573
5.56945801,0.00025697
5.57098389,0.00020180
5.57250977,0.00010340
5.57403564,0.00007246
5.57556152,0.00016806
5.57708740,0.00025683
5.57861328,0.00032620
5.58013916,0.00030523
5.58166504,0.00019382
5.58319092,0.00009507
5.58471680,0.00008902
5.58624268,0.00012210
5.58776855,0.00018818
5.58929443,0.00025666
5.59082031,0.00026227
5.59234619,0.00022580
5.59387207,0.00020140
5.59539795,0.00016928
5.59692383,0.00010539
5.59844971,0.00002021
5.59997559,0.00004603
5.60150146,0.00006014
5.60302734,0.00004546
5.60455322,0.00005882
5.60607910,0.00007193
5.60760498,0.00008970
5.60913086,0.00009227
5.61065674,0.00004969
5.61218262,0.00007988
5.61370850,0.00010943
5.61523438,0.00008966
5.61676025,0.00014530
5.61828613,0.00022092
5.61981201,0.00026670
5.62133789,0.00027279
5.62286377,0.00023017
5.62438965,0.00022579
5.62591553,0.00020440
5.62744141,0.00012973
5.62896729,0.00006540
5.63049316,0.00000902
5.63201904,0.00005384
5.63354492,0.00008763
5.63507080,0.00012646
5.63659668,0.00010967
5.63812256,0.00007799
5.63964844,0.00006284
5.64117432,0.00004920
5.64270020,0.00002069
5.64422607,0.00005564
5.64575195,0.00011525
5.64727783,0.00011500
5.64880371,0.00006579
5.65032959,0.00001486
5.65185547,0.00006145
5.65338135,0.00008700
5.65490723,0.00006993
5.65643311,0.00004955
5.65795898,0.00003174
5.65948486,0.00006851
5.66101074,0.00013935
5.66253662,0.00019857
5.66406250,0.00027384
5.66558838,0.00031908
5.66711426,0.00032294
5.66864014,0.00026468
5.67016602,0.00012003
5.67169189,0.00002962
5.67321777,0.00010850
5.67474365,0.00011837
5.67626953,0.00009531
5.67779541,0.00010964
5.67932129,0.00010057
5.68084717,0.00008563
5.68237305,0.00014009
5.68389893,0.00018015
5.68542480,0.00016206
5.68695068,0.00013264
5.68847656,0.00007593
5.69000244,0.00008272
5.69152832,0.00013569
5.69305420,0.00008960
5.69458008,0.00003613
5.69610596,0.00001303
5.69763184,0.00003547
5.69915771,0.00001691
5.70068359,0.00013263
5.70220947,0.00020150
5.70373535,0.00020383
5.70526123,0.00018788
5.70678711,0.00018423
5.70831299,0.00017417
5.70983887,0.00014464
5.71136475,0.00009384
5.71289063,0.00008761
5.71441650,0.00006182
5.71594238,0.00009909
5.71746826,0.00009070
5.71899414,0.00006442
5.72052002,0.00008351
5.72204590,0.00013790
5.72357178,0.00015497
5.72509766,0.00014575
5.72662354,0.00012674
5.72814941,0.00012918
5.72967529,0.00014849
5.73120117,0.00012508
5.73272705,0.00008689
5.73425293,0.00010560
5.73577881,0.00013896
5.73730469,0.00021193
5.73883057,0.00027551
5.74035645,0.00024605
5.74188232,0.00017806
5.74340820,0.00016839
5.74493408,0.00015775
5.74645996,0.00009911
5.74798584,0.00004200
5.74951172,0.00004859
5.75103760,0.00008243
5.75256348,0.00012211
5.75408936,0.00010663
5.75561523,0.00010592
5.75714111,0.00012340
5.75866699,0.00008637
5.76019287,0.00010912
5.76171875,0.00016023
5.76324463,0.00011571
5.76477051,0.00009343
5.76629639,0.00004558
5.76782227,0.00002501
5.76934814,0.00007821
5.77087402,0.00016220
5.77239990,0.00022625
5.77392578,0.00025711
5.77545166,0.00023208
5.77697754,0.00019254
5.77850342,0.00014491
5.78002930,0.00010982
5.78155518,0.00007774
5.78308105,0.00001637
5.78460693,0.00009819
5.78613281,0.00013827
5.78765869,0.00010165
5.78918457,0.00006360
5.79071045,0.00008874
5.79223633,0.00013633
5.79376221,0.00013703
5.79528809,0.00012910
5.79681396,0.00018937
5.79833984,0.00022351
5.79986572,0.00018616
5.80139160,0.00016100
5.80291748,0.00017320
5.80444336,0.00022169
5.80596924,0.00028059
5.80749512,0.00027465
5.80902100,0.00022193
5.81054688,0.00018004
5.81207275,0.00014903
5.81359863,0.00014134
5.81512451,0.00017829
5.81665039,0.00019362
5.81817627,0.00017917
5.81970215,0.00014972
5.82122803,0.00010816
5.82275391,0.00014960
5.82427979,0.00017856
5.82580566,0.00014829
5.82733154,0.00014734
5.82885742,0.00019169
5.83038330,0.00016439
5.83190918,0.00014097
5.83343506,0.00026223
5.83496094,0.00032414
5.83648682,0.00029990
5.83801270,0.00029869
5.83953857,0.00028898
5.84106445,0.00026817
5.84259033,0.00023918
5.84411621,0.00020407
5.84564209,0.00017953
5.84716797,0.00016960
5.84869385,0.00015108
5.85021973,0.00014581
5.85174561,0.00012342
5.85327148,0.00008907
5.85479736,0.00009413
5.85632324,0.00011795
5.85784912,0.00014398
5.85937500,0.00018525
5.86090088,0.00017666
5.86242676,0.00008699
5.86395264,0.00005266
5.86547852,0.00010543
5.86700439,0.00008243
5.86853027,0.00003163
5.87005615,0.00010646
5.87158203,0.00017085
5.87310791,0.00014572
5.87463379,0.00005101
5.87615967,0.00011190
5.87768555,0.00017774
5.87921143,0.00023595
5.88073730,0.00024010
5.88226318,0.00018673
5.88378906,0.00016550
5.88531494,0.00014418
5.88684082,0.00011104
5.88836670,0.00009665
5.88989258,0.00011183
5.89141846,0.00010933
5.89294434,0.00007091
5.89447021,0.00003470
5.89599609,0.00004526
5.89752197,0.00005960
5.89904785,0.00009640
5.90057373,0.00014248
5.90209961,0.00016459
5.90362549,0.00015108
5.90515137,0.00011827
5.90667725,0.00010970
5.90820313,0.00008633
5.90972900,0.00008068
5.91125488,0.00004874
5.91278076,0.00001353
5.91430664,0.00005679
5.91583252,0.00006542
5.91735840,0.00001177
5.91888428,0.00014289
5.92041016,0.00020189
5.92193604,0.00020238
5.92346191,0.00024503
5.92498779,0.00028358
5.92651367,0.00026524
5.92803955,0.00018564
5.92956543,0.00018161
5.93109131,0.00024693
5.93261719,0.00026493
5.93414307,0.00023625
5.93566895,0.00015890
5.93719482,0.00007105
5.93872070,0.00003856
5.94024658,0.00014503
5.94177246,0.00024971
5.94329834,0.00029948
5.94482422,0.00026666
5.94635010,0.00016900
5.94787598,0.00005117
5.94940186,0.00003588
5.95092773,0.00009200
5.95245361,0.00014141
5.95397949,0.00013176
5.95550537,0.00013342
5.95703125,0.00010881
5.95855713,0.00009010
5.96008301,0.00013949
5.96160889,0.00019906
5.96313477,0.00026645
5.96466064,0.00031556
5.96618652,0.00033604
5.96771240,0.00035223
5.96923828,0.00032706
5.97076416,0.00025265
5.97229004,0.00017009
5.97381592,0.00016349
5.97534180,0.00019415
5.97686768,0.00017475
5.97839355,0.00014074
5.97991943,0.00010180
5.98144531,0.00003590
5.98297119,0.00015674
5.98449707,0.00021968
5.98602295,0.00024147
5.98754883,0.00019216
5.98907471,0.00009865
5.99060059,0.00022081
5.99212646,0.00030863
5.99365234,0.00032134
5.99517822,0.00028560
5.99670410,0.00027805
5.99822998,0.00026733
5.99975586,0.00022486
6.00128174,0.00016961
6.00280762,0.00009531
6.00433350,0.00007530
6.00585938,0.00004048
6.00738525,0.00003146
6.00891113,0.00014024
6.01043701,0.00021566
6.01196289,0.00021542
6.01348877,0.00017617
6.01501465,0.00016790
6.01654053,0.00016046
6.01806641,0.00019041
6.01959229,0.00018312
6.02111816,0.00017623
6.02264404,0.00020609
6.02416992,0.00013417
6.02569580,0.00005527
6.02722168,0.00003717
6.02874756,0.00001506
6.03027344,0.00007828
6.03179932,0.00011126
6.03332520,0.00009155
6.03485107,0.00003142
6.03637695,0.00006988
6.03790283,0.00012851
6.03942871,0.00011585
6.04095459,0.00014171
6.04248047,0.00014146
6.04400635,0.00007073
6.04553223,0.00005125
6.04705811,0.00012447
6.04858398,0.00018122
6.05010986,0.00015759
6.05163574,0.00006748
6.05316162,0.00011565
6.05468750,0.00016390
6.05621338,0.00016807
6.05773926,0.00013536
6.05926514,0.00004239
6.06079102,0.00005803
6.06231689,0.00012875
6.06384277,0.00016887
6.06536865,0.00014348
6.06689453,0.00014132
6.06842041,0.00018407
6.06994629,0.00022566
6.07147217,0.00023191
6.07299805,0.00020501
6.07452393,0.00018482
6.07604980,0.00020783
6.07757568,0.00026403
6.07910156,0.00029377
6.08062744,0.00030587
6.08215332,0.00028225
6.08367920,0.00021624
6.08520508,0.00016472
6.08673096,0.00014142
6.08825684,0.00010305
6.08978271,0.00005662
6.09130859,0.00004923
6.09283447,0.00014585
6.09436035,0.00023327
6.09588623,0.00027851
6.09741211,0.00028458
6.09893799,0.00025727
6.10046387,0.00022080
6.10198975,0.00015239
6.10351563,0.00011430
6.10504150,0.00015785
6.10656738,0.00022388
6.10809326,0.00023550
6.10961914,0.00020713
6.11114502,0.00010513
6.11267090,0.00009540
6.11419678,0.00015848
6.11572266,0.00020002
6.11724854,0.00018480
6.11877441,0.00014178
6.12030029,0.00010584
6.12182617,0.00009010
6.12335205,0.00012483
6.12487793,0.00013632
6.12640381,0.00018111
6.12792969,0.00023590
6.12945557,0.00022735
6.13098145,0.00018712
6.13250732,0.00008694
6.13403320,0.00010513
6.13555908,0.00020603
6.13708496,0.00033153
6.13861084,0.00038116
6.14013672,0.00033827
6.14166260,0.00025642
6.14318848,0.00016983
6.14471436,0.00010996
6.14624023,0.00011463
6.14776611,0.00016271
6.14929199,0.00019723
6.15081787,0.00022053
6.15234375,0.00023613
6.15386963,0.00019880
6.15539551,0.00012956
6.15692139,0.00010949
6.15844727,0.00012996
6.15997314,0.00016826
6.16149902,0.00021350
6.16302490,0.00022231
6.16455078,0.00017399
6.16607666,0.00009838
6.16760254,0.00011020
6.16912842,0.00009979
6.17065430,0.00002209
6.17218018,0.00008200
6.17370605,0.00011305
6.17523193,0.00015520
6.17675781,0.00014061
6.17828369,0.00015398
6.17980957,0.00024002
6.18133545,0.00027924
6.18286133,0.00025257
6.18438721,0.00022639
6.18591309,0.00019441
6.18743896,0.00010391
6.18896484,0.00005540
6.19049072,0.00012179
6.19201660,0.00012662
6.19354248,0.00018339
6.19506836,0.00026037
6.19659424,0.00024680
6.19812012,0.00019001
6.19964600,0.00018307
6.20117188,0.00019835
6.20269775,0.00018248
6.20422363,0.00015778
6.20574951,0.00016068
6.20727539,0.00018622
6.20880127,0.00018133
6.21032715,0.00013935
6.21185303,0.00014019
6.21337891,0.00014462
6.21490479,0.00008737
6.21643066,0.00005123
6.21795654,0.00015495
6.21948242,0.00026129
6.22100830,0.00037300
6.22253418,0.00042031
6.22406006,0.00036291
6.22558594,0.00027406
6.22711182,0.00017159
6.22863770,0.00006196
6.23016357,0.00003485
6.23168945,0.00003604
6.23321533,0.00005453
6.23474121,0.00010575
6.23626709,0.00010144
6.23779297,0.00010144
6.23931885,0.00004720
6.24084473,0.00005264
6.24237061,0.00008777
6.24389648,0.00010801
6.24542236,0.00010892
6.24694824,0.00005882
6.24847412,0.00003648
